date,iron_ore,crude_oil,usd_inr,bdi,capesize_rate_usd_mt,panamax_rate_usd_mt,supramax_rate_usd_mt,bunker_vlsfo_usd_mt,coking_coal_usd_mt,paradip_waiting_days,orderbook_to_fleet_ratio,fleet_utilization,is_monsoon,is_pre_monsoon_rush,is_cyclone_season
2021-01-01,163.92999267578125,51.09000015258789,73.08920288085938,1621,17.57,13.26,11.75,563.14,304.55,3.5,0.0845,0.9219,0,0,0
2021-01-02,163.92999267578125,51.09000015258789,73.08920288085938,1623,18.42,13.97,12.05,547.95,345.21,5.0,0.0848,0.9264,0,0,0
2021-01-03,163.92999267578125,51.09000015258789,73.08920288085938,1646,18.06,13.77,11.96,589.62,349.36,5.7,0.0805,0.9092,0,0,0
2021-01-04,163.92999267578125,51.09000015258789,73.09200286865234,1690,18.55,14.22,12.24,542.56,324.49,3.4,0.0866,0.9042,0,0,0
2021-01-05,166.0800018310547,53.599998474121094,73.31999969482422,1711,19.72,14.93,12.57,561.83,330.33,4.2,0.0853,0.9277,0,0,0
2021-01-06,166.75999450683594,54.29999923706055,73.37480163574219,1717,20.68,15.82,13.98,571.23,337.0,3.2,0.0855,0.92,0,0,0
2021-01-07,169.30999755859375,54.380001068115234,73.36000061035156,1763,19.94,15.94,14.26,581.52,335.6,4.1,0.0839,0.9133,0,0,0
2021-01-08,169.52000427246094,55.9900016784668,73.44599914550781,1801,18.97,14.91,13.33,584.76,347.94,2.8,0.0861,0.9407,0,0,0
2021-01-09,169.52000427246094,55.9900016784668,73.44599914550781,1796,20.28,15.85,14.28,597.75,326.23,3.1,0.0833,0.9114,0,0,0
2021-01-10,169.52000427246094,55.9900016784668,73.44599914550781,1815,21.01,15.74,13.98,578.66,334.52,3.7,0.0836,0.8906,0,0,0
2021-01-11,168.99000549316406,55.65999984741211,73.37339782714844,1807,19.53,14.4,12.46,571.41,360.28,2.5,0.0862,0.9096,0,0,0
2021-01-12,169.3300018310547,56.58000183105469,73.51349639892578,1809,19.99,15.67,14.13,573.15,337.19,4.0,0.0856,0.9446,0,0,0
2021-01-13,169.50999450683594,56.060001373291016,73.16500091552734,1817,20.16,15.76,13.33,564.24,358.23,4.7,0.0823,0.9158,0,0,0
2021-01-14,169.8000030517578,56.41999816894531,73.1698989868164,1778,19.34,15.43,13.22,587.34,350.06,3.1,0.088,0.9115,0,0,0
2021-01-15,169.97000122070312,55.099998474121094,73.08760070800781,1731,20.2,15.05,12.86,580.27,326.54,3.2,0.0833,0.9181,0,0,0
2021-01-16,169.97000122070312,55.099998474121094,73.08760070800781,1723,19.56,14.75,13.41,576.31,350.99,4.8,0.0846,0.9326,0,0,0
2021-01-17,169.97000122070312,55.099998474121094,73.08760070800781,1703,19.91,14.31,12.97,598.8,343.46,4.3,0.0883,0.9155,0,0,0
2021-01-18,169.97000122070312,55.099998474121094,73.15899658203125,1717,18.97,14.22,12.71,598.62,340.08,2.9,0.0807,0.9261,0,0,0
2021-01-19,170.02999877929688,55.900001525878906,73.1886978149414,1707,19.33,15.19,13.8,585.73,348.32,3.0,0.0814,0.9141,0,0,0
2021-01-20,169.85000610351562,56.08000183105469,73.19190216064453,1679,20.13,15.07,12.91,569.54,350.78,3.9,0.0857,0.925,0,0,0
2021-01-21,169.97999572753906,56.099998474121094,72.91089630126953,1721,19.51,15.15,13.47,584.41,353.21,3.5,0.0798,0.9201,0,0,0
2021-01-22,169.82000732421875,55.40999984741211,72.95490264892578,1716,21.16,15.99,14.02,578.96,356.79,2.7,0.0807,0.9112,0,0,0
2021-01-23,169.82000732421875,55.40999984741211,72.95490264892578,1724,19.53,15.0,13.54,578.27,349.09,2.9,0.0871,0.9213,0,0,0
2021-01-24,169.82000732421875,55.40999984741211,72.95490264892578,1694,19.89,14.54,12.75,577.78,331.25,5.3,0.0839,0.9083,0,0,0
2021-01-25,169.77999877929688,55.880001068115234,72.99590301513672,1690,20.47,15.6,13.57,581.76,340.95,3.9,0.0891,0.8957,0,0,0
2021-01-26,169.52000427246094,55.90999984741211,72.97000122070312,1698,18.66,12.69,11.38,585.18,375.01,7.6,0.0827,0.9163,0,0,0
2021-01-27,169.25999450683594,55.810001373291016,72.91999816894531,1675,18.28,13.8,12.49,581.46,352.52,4.2,0.0841,0.8965,0,0,0
2021-01-28,168.6300048828125,55.529998779296875,73.03710174560547,1687,18.54,13.28,11.42,589.53,368.17,5.9,0.0858,0.9252,0,0,0
2021-01-29,168.1300048828125,55.880001068115234,72.93879699707031,1681,20.78,16.4,14.41,593.92,358.65,2.8,0.0857,0.9155,0,0,0
2021-01-30,168.1300048828125,55.880001068115234,72.93879699707031,1679,19.34,15.09,12.86,578.67,347.12,4.3,0.0842,0.9373,0,0,0
2021-01-31,168.1300048828125,55.880001068115234,72.93879699707031,1669,21.79,16.79,13.78,604.85,347.71,2.5,0.0834,0.9107,0,0,0
2021-02-01,154.74000549316406,56.349998474121094,72.90660095214844,1725,19.65,15.69,13.89,581.28,337.0,3.8,0.0851,0.9172,0,0,0
2021-02-02,148.4199981689453,57.459999084472656,73.11979675292969,1739,20.39,15.02,13.46,581.77,317.86,3.3,0.0874,0.8959,0,0,0
2021-02-03,150.80999755859375,58.459999084472656,72.91629791259766,1726,21.47,17.19,15.23,613.08,338.36,3.0,0.0862,0.901,0,0,0
2021-02-04,155.3300018310547,58.84000015258789,72.85800170898438,1754,22.03,17.21,14.36,601.49,353.56,4.9,0.0834,0.8933,0,0,0
2021-02-05,153.89999389648438,59.34000015258789,72.9457015991211,1733,22.0,16.6,14.47,618.82,335.35,4.8,0.0827,0.9339,0,0,0
2021-02-06,153.89999389648438,59.34000015258789,72.9457015991211,1743,21.39,16.82,13.91,586.12,345.47,2.5,0.0832,0.9112,0,0,0
2021-02-07,153.89999389648438,59.34000015258789,72.9457015991211,1700,21.03,15.43,14.13,631.67,349.87,3.6,0.0821,0.9366,0,0,0
2021-02-08,156.10000610351562,60.560001373291016,72.78479766845703,1681,20.65,15.28,13.01,631.97,335.4,3.1,0.0849,0.8758,0,0,0
2021-02-09,158.14999389648438,61.09000015258789,72.92990112304688,1695,20.92,15.59,14.22,609.78,342.01,3.1,0.0862,0.9397,0,0,0
2021-02-10,159.74000549316406,61.470001220703125,72.85489654541016,1722,20.04,14.97,13.55,612.83,337.87,4.6,0.0844,0.9164,0,0,0
2021-02-11,160.0800018310547,61.13999938964844,72.80729675292969,1728,19.86,14.57,12.46,648.22,339.54,2.9,0.088,0.9227,0,0,0
2021-02-12,159.64999389648438,62.43000030517578,72.70950317382812,1740,20.65,16.31,13.9,628.76,336.56,5.9,0.0881,0.9021,0,0,0
2021-02-13,159.64999389648438,62.43000030517578,72.70950317382812,1737,20.52,15.47,13.75,627.6,340.43,2.7,0.0852,0.9258,0,0,0
2021-02-14,159.64999389648438,62.43000030517578,72.70950317382812,1705,20.14,15.48,13.28,610.42,363.63,3.8,0.086,0.9112,0,0,0
2021-02-15,159.64999389648438,62.43000030517578,72.59480285644531,1692,21.0,15.67,13.83,633.4,340.28,3.8,0.0827,0.8985,0,0,0
2021-02-16,161.0,63.349998474121094,72.63870239257812,1692,21.27,15.25,13.23,641.62,352.89,2.8,0.0838,0.8983,0,0,0
2021-02-17,161.99000549316406,64.33999633789062,72.93499755859375,1731,20.85,15.98,13.35,660.2,348.68,3.0,0.0871,0.8993,0,0,0
2021-02-18,164.58999633789062,63.93000030517578,72.79730224609375,1740,22.01,15.77,12.99,631.82,366.44,4.7,0.0833,0.9237,0,0,0
2021-02-19,164.07000732421875,62.90999984741211,72.60540008544922,1692,19.62,14.88,13.19,622.89,365.92,4.2,0.0875,0.9069,0,0,0
2021-02-20,164.07000732421875,62.90999984741211,72.60540008544922,1705,20.47,14.87,12.86,646.54,361.45,3.0,0.0867,0.8922,0,0,0
2021-02-21,164.07000732421875,62.90999984741211,72.60540008544922,1699,20.04,16.22,14.05,653.21,355.87,3.4,0.086,0.9222,0,0,0
2021-02-22,163.8699951171875,65.23999786376953,72.5530014038086,1705,19.26,15.09,13.56,639.36,353.87,2.6,0.0821,0.8842,0,0,0
2021-02-23,164.16000366210938,65.37000274658203,72.44400024414062,1725,20.82,15.88,14.44,672.14,344.63,2.8,0.0838,0.9374,0,0,0
2021-02-24,164.52999877929688,67.04000091552734,72.37699890136719,1768,21.11,16.68,14.57,671.85,378.71,3.3,0.0857,0.9487,0,0,0
2021-02-25,165.02000427246094,66.87999725341797,72.4000015258789,1794,22.57,16.73,14.59,683.33,351.74,2.6,0.0825,0.9001,0,0,0
2021-02-26,165.61000061035156,66.12999725341797,73.1509017944336,1771,21.72,16.78,14.97,663.89,365.2,4.7,0.084,0.9348,0,0,0
2021-02-27,165.61000061035156,66.12999725341797,73.1509017944336,1766,20.38,15.59,13.18,634.47,369.16,4.0,0.0859,0.9241,0,0,0
2021-02-28,165.61000061035156,66.12999725341797,73.1509017944336,1778,22.77,17.44,15.44,662.91,353.01,6.0,0.0833,0.9118,0,0,0
2021-03-01,171.74000549316406,63.689998626708984,73.59590148925781,1786,22.22,17.52,15.64,659.57,368.96,3.9,0.0827,0.9127,0,0,0
2021-03-02,173.16000366210938,62.70000076293945,73.30940246582031,1770,21.59,16.77,15.03,628.87,365.59,5.9,0.0808,0.9288,0,0,0
2021-03-03,174.1199951171875,64.06999969482422,73.27749633789062,1779,21.07,16.16,13.45,644.98,377.86,3.5,0.0836,0.9187,0,0,0
2021-03-04,174.94000244140625,66.73999786376953,72.88069915771484,1776,20.58,14.81,12.73,667.09,360.38,3.6,0.0859,0.8803,0,0,0
2021-03-05,173.1199951171875,69.36000061035156,73.13179779052734,1770,21.14,15.59,13.37,653.61,355.05,7.0,0.0826,0.9501,0,0,0
2021-03-06,173.1199951171875,69.36000061035156,73.13179779052734,1794,22.45,17.0,15.0,708.46,362.86,3.7,0.0844,0.9263,0,0,0
2021-03-07,173.1199951171875,69.36000061035156,73.13179779052734,1831,23.3,17.75,15.81,677.59,370.0,2.5,0.0839,0.9203,0,0,0
2021-03-08,173.55999755859375,68.23999786376953,73.1333999633789,1823,22.95,16.88,15.45,686.27,367.08,4.0,0.083,0.91,0,0,0
2021-03-09,168.42999267578125,67.5199966430664,73.33000183105469,1845,21.43,17.49,15.19,673.88,358.4,5.3,0.086,0.9187,0,0,0
2021-03-10,168.44000244140625,67.9000015258789,72.7759017944336,1859,21.03,16.74,14.53,692.8,343.82,4.4,0.0876,0.941,0,0,0
2021-03-11,171.27999877929688,69.62999725341797,72.70600128173828,1860,22.12,17.11,15.52,695.26,371.92,3.6,0.0863,0.9259,0,0,0
2021-03-12,168.25999450683594,69.22000122070312,72.63899993896484,1868,20.63,15.71,13.94,684.56,384.51,3.8,0.0829,0.9279,0,0,0
2021-03-13,168.25999450683594,69.22000122070312,72.63899993896484,1908,22.54,17.02,15.48,676.66,369.43,8.0,0.0883,0.9049,0,0,0
2021-03-14,168.25999450683594,69.22000122070312,72.63899993896484,1910,22.18,16.38,14.53,696.96,370.88,2.6,0.0863,0.9184,0,0,0
2021-03-15,168.25999450683594,68.87999725341797,72.68299865722656,1948,22.13,16.86,14.37,662.41,370.0,3.8,0.0833,0.9257,0,0,0
2021-03-16,168.25999450683594,68.38999938964844,72.51529693603516,1881,20.84,15.97,13.52,689.05,367.51,2.9,0.0827,0.9331,0,0,0
2021-03-17,168.2100067138672,68.0,72.5156021118164,1900,22.63,16.58,13.97,665.25,372.24,3.7,0.0865,0.9171,0,0,0
2021-03-18,168.2100067138672,63.279998779296875,72.29560089111328,1866,21.42,16.45,14.74,658.87,359.8,3.6,0.0846,0.9361,0,0,0
2021-03-19,168.0,64.52999877929688,72.6688003540039,1871,20.99,15.87,14.44,654.94,354.47,2.7,0.0825,0.9052,0,0,0
2021-03-20,168.0,64.52999877929688,72.6688003540039,1875,19.66,13.99,13.05,660.73,349.64,2.8,0.0839,0.9235,0,0,0
2021-03-21,168.0,64.52999877929688,72.6688003540039,1826,21.67,16.04,14.45,653.99,355.11,3.7,0.0834,0.9194,0,0,0
2021-03-22,167.3699951171875,64.62000274658203,72.40499877929688,1823,23.1,17.35,15.73,632.64,360.49,2.7,0.0825,0.898,0,0,0
2021-03-23,167.00999450683594,60.790000915527344,72.38050079345703,1803,22.75,18.23,15.81,615.26,348.23,2.9,0.0862,0.9194,0,0,0
2021-03-24,167.33999633789062,64.41000366210938,72.61219787597656,1870,21.58,16.68,14.22,660.19,360.16,4.7,0.0857,0.9136,0,0,0
2021-03-25,167.0500030517578,61.95000076293945,72.64559936523438,1838,21.19,15.44,13.93,636.09,357.55,3.0,0.0858,0.9425,0,0,0
2021-03-26,166.88999938964844,64.56999969482422,72.61280059814453,1840,22.17,17.09,15.21,667.47,365.32,3.3,0.0858,0.9152,0,0,0
2021-03-27,166.88999938964844,64.56999969482422,72.61280059814453,1828,20.93,15.13,13.36,658.14,369.82,5.9,0.0823,0.9262,0,0,0
2021-03-28,166.88999938964844,64.56999969482422,72.61280059814453,1852,22.11,17.34,15.41,641.7,357.77,2.8,0.0829,0.9033,0,0,0
2021-03-29,166.97000122070312,64.9800033569336,72.44719696044922,1864,22.56,16.91,15.01,646.75,344.57,3.1,0.087,0.9257,0,0,0
2021-03-30,166.99000549316406,64.13999938964844,72.74189758300781,1845,22.79,17.27,15.71,651.38,352.95,3.6,0.0843,0.9153,0,0,0
2021-03-31,166.89999389648438,63.540000915527344,73.44529724121094,1854,21.76,17.2,15.65,617.98,355.89,4.2,0.0811,0.9102,0,0,0
2021-04-01,163.67999267578125,64.86000061035156,73.20349884033203,1867,21.8,15.92,14.23,675.51,337.14,5.3,0.0845,0.96,0,1,0
2021-04-02,163.67999267578125,64.86000061035156,73.28730010986328,1891,21.4,15.57,14.04,660.72,369.38,5.5,0.0854,0.9177,0,1,0
2021-04-03,163.67999267578125,64.86000061035156,73.28730010986328,1874,21.34,15.93,14.22,670.15,356.92,4.3,0.0851,0.9193,0,1,0
2021-04-04,163.67999267578125,64.86000061035156,73.28730010986328,1866,21.78,17.07,14.84,636.46,359.31,2.8,0.0822,0.9357,0,1,0
2021-04-05,163.88999938964844,62.150001525878906,73.3759994506836,1834,21.97,15.94,14.33,650.49,365.21,2.5,0.0878,0.9096,0,1,0
2021-04-06,166.97999572753906,62.7400016784668,73.27950286865234,1802,22.25,15.49,13.07,666.66,348.0,3.1,0.081,0.9261,0,1,0
2021-04-07,169.24000549316406,63.15999984741211,73.48999786376953,1813,20.95,15.7,14.24,627.11,362.02,2.7,0.0842,0.9281,0,1,0
2021-04-08,170.4499969482422,63.20000076293945,74.40149688720703,1819,22.82,17.62,15.03,652.51,355.97,4.0,0.0875,0.9243,0,1,0
2021-04-09,170.32000732421875,62.95000076293945,74.54450225830078,1817,21.39,16.86,14.95,641.44,354.78,3.8,0.0852,0.955,0,1,0
2021-04-10,170.32000732421875,62.95000076293945,74.54450225830078,1811,21.55,16.15,13.87,622.89,348.9,2.6,0.0857,0.9083,0,1,0
2021-04-11,170.32000732421875,62.95000076293945,74.54450225830078,1775,20.76,15.57,13.92,647.34,373.27,4.7,0.0819,0.9422,0,1,0
2021-04-12,171.02999877929688,63.279998779296875,74.72949981689453,1766,19.38,15.31,13.46,653.85,353.78,2.8,0.0847,0.9259,0,1,0
2021-04-13,171.0399932861328,63.66999816894531,74.99099731445312,1760,22.01,15.79,13.26,639.49,365.12,3.2,0.0839,0.9323,0,1,0
2021-04-14,171.4199981689453,66.58000183105469,75.18150329589844,1762,22.01,16.53,14.71,682.02,343.97,3.8,0.0817,0.9239,0,1,0
2021-04-15,173.00999450683594,66.94000244140625,75.0261001586914,1760,21.19,16.2,14.02,650.67,376.02,3.2,0.0857,0.9468,0,1,0
2021-04-16,174.88999938964844,66.7699966430664,74.72740173339844,1768,21.51,16.57,14.93,651.49,375.61,3.2,0.0823,0.9141,0,1,0
2021-04-17,174.88999938964844,66.7699966430664,74.72740173339844,1813,22.11,16.55,14.56,671.06,366.06,2.6,0.0825,0.9279,0,1,0
2021-04-18,174.88999938964844,66.7699966430664,74.72740173339844,1816,20.46,15.57,13.86,669.73,362.82,3.1,0.0848,0.9401,0,1,0
2021-04-19,174.72000122070312,67.05000305175781,74.56320190429688,1824,21.33,14.97,12.79,662.88,369.41,4.2,0.0836,0.9124,0,1,0
2021-04-20,178.5399932861328,66.56999969482422,74.8781967163086,1816,22.32,16.63,14.4,677.67,389.87,5.5,0.0842,0.9355,0,1,0
2021-04-21,176.1999969482422,65.31999969482422,75.44920349121094,1757,20.29,15.65,13.59,665.17,346.07,3.1,0.0835,0.9183,0,1,0
2021-04-22,176.35000610351562,65.4000015258789,75.42949676513672,1755,21.52,15.86,14.3,669.68,371.73,3.2,0.0867,0.9,0,1,0
2021-04-23,176.9600067138672,66.11000061035156,75.0916976928711,1760,20.24,15.41,14.23,663.11,356.22,4.0,0.082,0.8969,0,1,0
2021-04-24,176.9600067138672,66.11000061035156,75.0916976928711,1820,22.03,16.97,14.61,671.82,365.14,5.9,0.0829,0.9193,0,1,0
2021-04-25,176.9600067138672,66.11000061035156,75.0916976928711,1813,21.58,16.23,14.71,659.24,362.86,2.9,0.0848,0.9353,0,1,0
2021-04-26,177.5800018310547,65.6500015258789,74.86810302734375,1815,20.29,15.51,12.78,685.86,360.74,3.2,0.0818,0.8893,0,1,0
2021-04-27,178.99000549316406,66.41999816894531,74.81490325927734,1818,22.56,16.66,14.18,657.11,366.92,4.4,0.0817,0.9236,0,1,0
2021-04-28,178.8000030517578,67.2699966430664,74.57499694824219,1793,20.92,15.8,13.52,698.35,356.84,3.6,0.0841,0.9332,0,1,0
2021-04-29,179.30999755859375,68.55999755859375,74.31179809570312,1830,21.11,16.35,13.85,682.96,380.72,2.6,0.0855,0.9018,0,1,0
2021-04-30,179.6300048828125,67.25,74.10579681396484,1835,21.88,16.71,14.07,656.44,350.71,3.7,0.0858,0.9117,0,1,0
2021-05-01,179.6300048828125,67.25,74.10579681396484,1853,22.72,16.97,15.1,689.36,374.05,2.7,0.084,0.9304,0,1,0
2021-05-02,179.6300048828125,67.25,74.10579681396484,1827,20.84,15.95,13.95,674.45,365.39,3.4,0.0824,0.9336,0,1,0
2021-05-03,185.0399932861328,67.55999755859375,74.09480285644531,1862,21.89,16.99,15.1,685.43,360.65,3.4,0.0843,0.9461,0,1,0
2021-05-04,189.72000122070312,68.87999725341797,73.8375015258789,1835,22.08,15.76,14.14,699.58,379.18,5.0,0.0849,0.9124,0,1,0
2021-05-05,190.41000366210938,68.95999908447266,73.77890014648438,1847,22.34,17.56,15.56,689.53,362.12,3.2,0.0842,0.9093,0,1,0
2021-05-06,197.67999267578125,68.08999633789062,73.79940032958984,1892,22.13,16.65,14.92,671.99,381.14,2.9,0.0862,0.9479,0,1,0
2021-05-07,204.35000610351562,68.27999877929688,73.61519622802734,1865,21.54,16.58,14.56,692.2,370.8,2.8,0.0817,0.9108,0,1,0
2021-05-08,204.35000610351562,68.27999877929688,73.61519622802734,1848,21.06,16.6,14.13,680.5,389.64,5.0,0.0823,0.9292,0,1,0
2021-05-09,204.35000610351562,68.27999877929688,73.61519622802734,1847,21.77,15.86,14.38,688.72,375.79,2.7,0.0859,0.9543,0,1,0
2021-05-10,215.47999572753906,68.31999969482422,73.29029846191406,1832,20.75,15.42,13.33,654.94,387.26,3.2,0.0807,0.9324,0,1,0
2021-05-11,215.2899932861328,68.55000305175781,73.5,1791,19.03,14.32,12.23,687.84,394.94,2.7,0.0826,0.9314,0,1,0
2021-05-12,218.3800048828125,69.31999969482422,73.3750991821289,1795,21.76,16.15,14.14,680.45,387.28,4.3,0.0822,0.939,0,1,0
2021-05-13,212.0500030517578,67.05000305175781,73.68160247802734,1747,21.76,17.41,14.96,691.32,387.23,3.3,0.0805,0.9261,0,1,0
2021-05-14,210.0800018310547,68.70999908447266,73.44490051269531,1769,19.32,14.25,12.37,691.12,373.97,3.0,0.0833,0.9308,0,1,0
2021-05-15,210.0800018310547,68.70999908447266,73.44490051269531,1742,20.23,15.1,13.43,686.52,395.42,3.0,0.0851,0.9129,0,1,0
2021-05-16,210.0800018310547,68.70999908447266,73.44490051269531,1777,21.71,16.6,14.75,689.48,406.76,4.8,0.0839,0.9366,0,1,0
2021-05-17,214.99000549316406,69.45999908447266,73.27890014648438,1759,22.77,16.7,14.34,677.16,421.11,3.5,0.0852,0.9248,0,1,0
2021-05-18,213.22999572753906,68.70999908447266,73.26969909667969,1741,21.0,15.76,13.67,703.12,391.91,4.0,0.086,0.8959,0,1,0
2021-05-19,211.9600067138672,66.66000366210938,73.1281967163086,1741,20.3,15.59,14.15,692.51,395.05,5.2,0.0828,0.9217,0,1,0
2021-05-20,211.14999389648438,65.11000061035156,73.222900390625,1694,20.39,15.33,13.69,661.97,366.55,5.3,0.0889,0.8839,0,1,0
2021-05-21,209.1300048828125,66.44000244140625,73.02189636230469,1706,21.74,16.48,15.33,686.09,400.17,3.0,0.0829,0.9276,0,1,0
2021-05-22,209.1300048828125,66.44000244140625,73.02189636230469,1734,20.26,15.13,13.79,660.18,392.9,6.2,0.0831,0.9143,0,1,0
2021-05-23,209.1300048828125,66.44000244140625,73.02189636230469,1689,19.87,14.34,13.08,657.44,380.3,2.5,0.0821,0.9449,0,1,0
2021-05-24,208.1999969482422,68.45999908447266,72.90979766845703,1706,20.28,15.57,13.15,682.3,399.98,3.1,0.0846,0.9242,0,1,0
2021-05-25,207.00999450683594,68.6500015258789,72.83660125732422,1709,19.9,16.0,14.39,688.42,384.64,5.2,0.0829,0.9308,0,1,0
2021-05-26,206.88999938964844,68.87000274658203,72.80490112304688,1726,20.85,15.86,13.94,680.09,382.86,2.9,0.0834,0.9018,0,1,0
2021-05-27,206.3699951171875,69.45999908447266,72.67250061035156,1695,21.88,16.74,14.51,695.6,392.77,2.9,0.0831,0.9268,0,1,0
2021-05-28,205.72999572753906,69.62999725341797,72.68299865722656,1659,20.62,16.02,14.16,694.06,377.25,2.9,0.083,0.9057,0,1,0
2021-05-29,205.72999572753906,69.62999725341797,72.68299865722656,1667,20.19,14.71,13.32,678.41,398.1,3.6,0.0838,0.9319,0,1,0
2021-05-30,205.72999572753906,69.62999725341797,72.68299865722656,1670,20.15,16.17,14.43,696.61,377.32,3.2,0.0826,0.8989,0,1,0
2021-05-31,205.72999572753906,69.62999725341797,72.39350128173828,1671,19.12,14.63,12.52,700.75,377.38,4.1,0.0827,0.9173,0,1,0
2021-06-01,204.89999389648438,70.25,72.48719787597656,1680,21.13,16.87,15.14,696.99,379.22,8.7,0.0856,0.8986,1,0,0
2021-06-02,204.9600067138672,71.3499984741211,72.8550033569336,1667,20.31,15.07,13.01,716.83,397.6,7.3,0.0829,0.9175,1,0,0
2021-06-03,208.0,71.30999755859375,72.96510314941406,1667,20.2,16.26,14.4,688.09,385.6,6.3,0.0842,0.9459,1,0,0
2021-06-04,206.2899932861328,71.88999938964844,73.04419708251953,1674,22.94,17.82,15.56,712.57,378.13,9.2,0.0816,0.9266,1,0,0
2021-06-05,206.2899932861328,71.88999938964844,73.04419708251953,1651,20.47,15.83,13.84,692.91,385.55,6.4,0.0825,0.9145,1,0,0
2021-06-06,206.2899932861328,71.88999938964844,73.04419708251953,1693,19.84,15.2,13.68,693.58,391.29,6.2,0.0809,0.8795,1,0,0
2021-06-07,202.41000366210938,71.48999786376953,72.90969848632812,1696,20.08,15.14,12.91,696.45,376.87,6.1,0.0871,0.9085,1,0,0
2021-06-08,207.83999633789062,72.22000122070312,72.80940246582031,1667,21.19,16.7,15.47,698.07,381.52,7.0,0.0861,0.9227,1,0,0
2021-06-09,210.19000244140625,72.22000122070312,72.97530364990234,1678,20.39,15.57,12.97,702.8,415.56,6.1,0.0846,0.9083,1,0,0
2021-06-10,211.91000366210938,72.5199966430664,72.98529815673828,1651,18.99,13.45,11.6,709.0,387.32,6.2,0.0877,0.9364,1,0,0
2021-06-11,213.1300048828125,72.69000244140625,73.01229858398438,1666,20.94,15.36,13.66,722.86,393.68,6.4,0.0849,0.9166,1,0,0
2021-06-12,213.1300048828125,72.69000244140625,73.01229858398438,1690,19.78,14.94,13.38,708.96,393.24,6.4,0.083,0.9325,1,0,0
2021-06-13,213.1300048828125,72.69000244140625,73.01229858398438,1664,21.65,16.61,14.58,693.79,392.7,7.1,0.0841,0.9185,1,0,0
2021-06-14,214.0500030517578,72.86000061035156,73.23159790039062,1684,21.11,16.02,14.07,727.74,403.93,8.0,0.086,0.912,1,0,0
2021-06-15,213.9600067138672,73.98999786376953,73.18080139160156,1698,19.98,15.79,14.06,712.3,408.84,7.7,0.0815,0.9095,1,0,0
2021-06-16,213.52999877929688,74.38999938964844,73.3447036743164,1716,21.46,15.33,13.4,724.57,396.64,6.4,0.0809,0.902,1,0,0
2021-06-17,214.69000244140625,73.08000183105469,73.8240966796875,1747,20.58,15.71,14.38,721.03,386.07,6.3,0.0841,0.9347,1,0,0
2021-06-18,214.2100067138672,73.51000213623047,74.25389862060547,1739,21.16,15.17,13.69,721.22,411.54,10.1,0.0821,0.9115,1,0,0
2021-06-19,214.2100067138672,73.51000213623047,74.25389862060547,1714,20.7,16.11,14.53,731.96,397.84,6.0,0.0787,0.925,1,0,0
2021-06-20,214.2100067138672,73.51000213623047,74.25389862060547,1686,19.45,14.73,12.58,724.58,416.09,8.5,0.0808,0.9083,1,0,0
2021-06-21,212.75,74.9000015258789,74.1438980102539,1671,19.56,15.08,13.24,718.68,377.54,6.3,0.0826,0.8995,1,0,0
2021-06-22,213.4499969482422,74.80999755859375,74.13520050048828,1663,20.83,15.4,13.43,754.5,402.24,9.5,0.0833,0.9238,1,0,0
2021-06-23,213.8000030517578,75.19000244140625,74.33219909667969,1669,19.76,15.66,13.38,733.47,420.25,6.5,0.0834,0.9044,1,0,0
2021-06-24,213.75,75.55999755859375,74.24690246582031,1673,19.72,15.51,13.79,732.09,398.06,6.7,0.0872,0.9098,1,0,0
2021-06-25,214.1699981689453,76.18000030517578,74.19029998779297,1693,19.38,15.02,13.0,749.97,400.52,7.5,0.0828,0.8977,1,0,0
2021-06-26,214.1699981689453,76.18000030517578,74.19029998779297,1688,20.43,15.46,13.87,741.39,405.73,7.1,0.0837,0.9089,1,0,0
2021-06-27,214.1699981689453,76.18000030517578,74.19029998779297,1718,21.89,16.93,14.47,743.19,397.18,6.5,0.0799,0.9176,1,0,0
2021-06-28,215.25999450683594,74.68000030517578,74.21299743652344,1694,19.16,14.21,13.19,757.31,398.06,7.0,0.0831,0.9122,1,0,0
2021-06-29,214.36000061035156,74.76000213623047,74.285400390625,1757,20.36,15.9,13.63,724.69,397.38,7.6,0.0838,0.9308,1,0,0
2021-06-30,214.5500030517578,75.12999725341797,74.28759765625,1769,21.53,17.19,15.21,726.89,395.15,6.1,0.0804,0.9211,1,0,0
2021-07-01,213.58999633789062,75.83999633789062,74.37100219726562,1748,20.22,15.9,14.31,737.31,414.2,6.0,0.0813,0.96,1,0,0
2021-07-02,212.4600067138672,76.16999816894531,74.54499816894531,1718,20.47,15.19,13.14,751.18,406.34,6.7,0.0841,0.9236,1,0,0
2021-07-03,212.4600067138672,76.16999816894531,74.54499816894531,1724,19.26,14.82,13.38,720.25,404.24,6.2,0.082,0.8914,1,0,0
2021-07-04,212.4600067138672,76.16999816894531,74.54499816894531,1713,20.37,14.83,12.56,714.74,409.82,7.3,0.0829,0.9139,1,0,0
2021-07-05,212.4600067138672,76.16999816894531,74.48179626464844,1725,19.92,15.43,14.16,731.28,399.09,6.3,0.0842,0.9156,1,0,0
2021-07-06,217.5800018310547,74.52999877929688,74.31780242919922,1718,20.73,15.98,14.07,706.7,394.6,6.7,0.0872,0.9081,1,0,0
2021-07-07,218.11000061035156,73.43000030517578,74.76290130615234,1701,20.72,14.81,12.79,713.14,394.98,6.3,0.0826,0.9178,1,0,0
2021-07-08,216.32000732421875,74.12000274658203,74.8218994140625,1680,21.73,15.93,13.9,729.33,400.99,7.0,0.0866,0.9063,1,0,0
2021-07-09,215.77999877929688,75.55000305175781,74.72139739990234,1648,19.98,15.04,13.56,723.09,392.2,6.1,0.0791,0.9199,1,0,0
2021-07-10,215.77999877929688,75.55000305175781,74.72139739990234,1631,19.65,14.78,12.77,716.66,397.79,6.0,0.0833,0.8857,1,0,0
2021-07-11,215.77999877929688,75.55000305175781,74.72139739990234,1646,19.61,14.3,12.28,734.61,397.63,6.1,0.0824,0.932,1,0,0
2021-07-12,217.3300018310547,75.16000366210938,74.4905014038086,1643,19.11,14.72,12.86,741.27,424.38,9.7,0.082,0.8911,1,0,0
2021-07-13,218.25999450683594,76.48999786376953,74.54170227050781,1616,19.54,14.98,12.71,720.33,377.95,6.2,0.0843,0.9099,1,0,0
2021-07-14,217.94000244140625,74.76000213623047,74.65910339355469,1601,18.86,14.24,13.26,737.83,401.11,7.5,0.0826,0.9024,1,0,0
2021-07-15,218.67999267578125,73.47000122070312,74.46910095214844,1595,19.12,14.15,12.23,728.34,418.67,6.1,0.0789,0.9178,1,0,0
2021-07-16,219.77000427246094,73.58999633789062,74.53700256347656,1568,19.87,15.63,14.09,730.86,403.47,6.1,0.0798,0.9095,1,0,0
2021-07-17,219.77000427246094,73.58999633789062,74.53700256347656,1566,17.97,14.48,12.83,734.04,409.78,6.9,0.0844,0.916,1,0,0
2021-07-18,219.77000427246094,73.58999633789062,74.53700256347656,1562,19.64,14.68,12.52,745.84,403.25,6.8,0.0797,0.9287,1,0,0
2021-07-19,219.5,68.62000274658203,74.63179779052734,1488,19.15,14.25,12.54,678.71,387.96,9.6,0.0845,0.9211,1,0,0
2021-07-20,219.36000061035156,69.3499984741211,74.99340057373047,1497,18.05,13.96,12.6,689.65,373.22,9.5,0.0832,0.9104,1,0,0
2021-07-21,218.3699951171875,72.2300033569336,74.5270004272461,1529,16.72,12.53,10.95,704.45,401.42,7.8,0.0826,0.9179,1,0,0
2021-07-22,213.80999755859375,73.79000091552734,74.44020080566406,1563,18.16,13.73,12.56,720.9,391.21,7.1,0.0828,0.9415,1,0,0
2021-07-23,216.02999877929688,74.0999984741211,74.4520034790039,1586,19.8,15.42,13.98,741.55,392.76,6.7,0.0839,0.9249,1,0,0
2021-07-24,216.02999877929688,74.0999984741211,74.4520034790039,1546,18.5,13.11,11.9,707.01,395.78,6.5,0.0805,0.9071,1,0,0
2021-07-25,216.02999877929688,74.0999984741211,74.4520034790039,1518,17.53,13.98,12.12,712.82,418.22,9.5,0.083,0.9298,1,0,0
2021-07-26,215.16000366210938,74.5,74.44889831542969,1528,17.98,13.7,11.62,742.61,424.89,7.1,0.0806,0.9168,1,0,0
2021-07-27,214.99000549316406,74.4800033569336,74.28949737548828,1536,19.07,14.29,12.33,738.18,402.89,7.0,0.0832,0.8968,1,0,0
2021-07-28,214.44000244140625,74.73999786376953,74.5022964477539,1545,18.88,14.3,12.66,723.49,396.13,6.3,0.0842,0.9088,1,0,0
2021-07-29,213.52000427246094,76.05000305175781,74.38999938964844,1647,18.84,14.3,12.8,747.7,390.41,6.1,0.0832,0.8928,1,0,0
2021-07-30,211.99000549316406,76.33000183105469,74.25199890136719,1658,18.79,13.41,10.93,743.59,406.37,9.5,0.0841,0.881,1,0,0
2021-07-31,211.99000549316406,76.33000183105469,74.25199890136719,1682,18.88,15.1,13.28,757.5,419.52,6.5,0.0814,0.9018,1,0,0
2021-08-01,211.99000549316406,76.33000183105469,74.25199890136719,1700,18.53,14.1,12.47,740.39,399.22,6.7,0.0827,0.9185,1,0,0
2021-08-02,181.2100067138672,72.88999938964844,74.37909698486328,1684,20.31,15.66,13.67,726.59,354.27,6.1,0.0823,0.918,1,0,0
2021-08-03,181.00999450683594,72.41000366210938,74.33200073242188,1667,18.63,14.63,13.39,742.47,383.92,8.2,0.0822,0.8944,1,0,0
2021-08-04,182.50999450683594,70.37999725341797,74.21440124511719,1665,19.75,14.5,12.93,703.06,384.93,6.0,0.0812,0.8798,1,0,0
2021-08-05,171.91000366210938,71.29000091552734,74.18399810791016,1648,19.91,15.37,14.05,703.15,354.22,8.2,0.0819,0.937,1,0,0
2021-08-06,172.00999450683594,70.69999694824219,74.08200073242188,1633,19.36,14.58,12.74,706.9,371.02,6.2,0.0805,0.9159,1,0,0
2021-08-07,172.00999450683594,70.69999694824219,74.08200073242188,1616,18.1,14.18,12.85,693.85,373.77,8.6,0.0794,0.9372,1,0,0
2021-08-08,172.00999450683594,70.69999694824219,74.08200073242188,1613,18.73,13.17,12.24,726.89,368.52,7.6,0.0813,0.9362,1,0,0
2021-08-09,173.52000427246094,69.04000091552734,74.49140167236328,1653,18.53,14.03,12.87,688.22,359.76,6.2,0.084,0.9261,1,0,0
2021-08-10,168.58999633789062,70.62999725341797,74.46620178222656,1615,17.65,13.11,11.1,694.44,377.26,7.0,0.0832,0.9147,1,0,0
2021-08-11,169.05999755859375,71.44000244140625,74.43550109863281,1634,18.75,14.47,12.63,693.63,364.56,6.4,0.0802,0.9085,1,0,0
2021-08-12,167.94000244140625,71.30999755859375,74.10299682617188,1588,17.27,13.36,11.62,715.87,352.88,6.2,0.0819,0.9237,1,0,0
2021-08-13,167.9499969482422,70.58999633789062,74.26010131835938,1566,18.99,14.08,12.59,707.83,346.16,8.4,0.0841,0.9098,1,0,0
2021-08-14,167.9499969482422,70.58999633789062,74.26010131835938,1589,17.78,13.16,11.86,691.46,379.26,6.6,0.0818,0.9041,1,0,0
2021-08-15,167.9499969482422,70.58999633789062,74.26010131835938,1586,18.28,13.84,11.84,704.34,372.82,6.6,0.0798,0.8814,1,0,0
2021-08-16,166.9600067138672,69.51000213623047,74.216796875,1546,18.06,13.28,11.71,671.41,365.32,6.2,0.0872,0.9103,1,0,0
2021-08-17,167.33999633789062,69.02999877929688,74.13500213623047,1521,17.45,13.68,11.23,688.21,359.55,6.6,0.0823,0.9272,1,0,0
2021-08-18,159.58999633789062,68.2300033569336,74.364501953125,1527,18.11,13.58,12.53,685.56,352.81,8.5,0.0803,0.9298,1,0,0
2021-08-19,160.3800048828125,66.44999694824219,74.2697982788086,1491,16.97,11.44,9.86,687.57,345.15,6.5,0.083,0.9105,1,0,0
2021-08-20,160.5399932861328,65.18000030517578,74.4292984008789,1482,17.93,13.44,11.85,648.52,349.78,9.6,0.0825,0.8961,1,0,0
2021-08-21,160.5399932861328,65.18000030517578,74.4292984008789,1479,16.12,11.73,10.2,642.43,332.89,9.5,0.0795,0.9228,1,0,0
2021-08-22,160.5399932861328,65.18000030517578,74.4292984008789,1459,17.17,12.23,11.22,647.02,346.73,6.2,0.0828,0.9084,1,0,0
2021-08-23,159.39999389648438,68.75,74.30149841308594,1538,19.19,13.97,11.16,667.9,355.66,6.2,0.0846,0.9058,1,0,0
2021-08-24,160.07000732421875,71.05000305175781,74.10590362548828,1569,17.08,13.04,11.47,716.84,368.72,8.4,0.0821,0.8905,1,0,0
2021-08-25,159.9199981689453,72.25,74.1447982788086,1524,17.12,13.68,12.0,728.18,363.93,6.6,0.0785,0.9424,1,0,0
2021-08-26,159.6300048828125,71.06999969482422,74.0999984741211,1516,17.97,13.81,11.97,704.79,370.33,6.0,0.0832,0.9216,1,0,0
2021-08-27,159.67999267578125,72.69999694824219,74.15599822998047,1509,17.71,13.16,12.27,727.55,378.35,6.4,0.0838,0.923,1,0,0
2021-08-28,159.67999267578125,72.69999694824219,74.15599822998047,1527,17.93,13.85,11.83,714.5,375.44,7.1,0.0814,0.898,1,0,0
2021-08-29,159.67999267578125,72.69999694824219,74.15599822998047,1504,17.9,13.37,12.07,711.75,369.56,7.9,0.0814,0.9113,1,0,0
2021-08-30,159.5800018310547,73.41000366210938,73.49659729003906,1504,18.03,13.36,11.9,714.1,365.98,6.2,0.087,0.9089,1,0,0
2021-08-31,159.25,72.98999786376953,73.41120147705078,1510,18.42,13.42,12.31,711.29,355.23,6.1,0.0812,0.9221,1,0,0
2021-09-01,143.0800018310547,71.58999633789062,72.99669647216797,1518,17.83,12.67,10.88,686.18,360.63,9.1,0.0803,0.931,1,0,0
2021-09-02,140.5399932861328,73.02999877929688,72.98509979248047,1496,17.23,12.9,11.06,718.48,370.67,7.7,0.0825,0.8884,1,0,0
2021-09-03,144.8300018310547,72.61000061035156,73.0542984008789,1482,17.86,13.65,12.45,711.75,359.23,7.1,0.0836,0.8933,1,0,0
2021-09-04,144.8300018310547,72.61000061035156,73.0542984008789,1468,18.75,14.2,12.67,721.18,374.99,7.8,0.0835,0.9186,1,0,0
2021-09-05,144.8300018310547,72.61000061035156,73.0542984008789,1449,17.01,12.72,10.58,713.35,340.56,6.7,0.0775,0.9007,1,0,0
2021-09-06,144.8300018310547,72.61000061035156,72.99449920654297,1490,16.55,12.11,10.44,710.28,344.27,7.7,0.0811,0.9219,1,0,0
2021-09-07,138.99000549316406,71.69000244140625,73.11000061035156,1491,18.17,14.11,12.57,695.03,359.48,6.6,0.0847,0.9041,1,0,0
2021-09-08,135.55999755859375,72.5999984741211,73.3904037475586,1464,17.07,12.31,11.17,713.02,352.88,6.3,0.0831,0.8901,1,0,0
2021-09-09,133.82000732421875,71.44999694824219,73.78900146484375,1476,15.44,12.12,10.39,712.59,360.6,7.6,0.0799,0.8828,1,0,0
2021-09-10,133.17999267578125,72.91999816894531,73.53800201416016,1539,18.25,13.37,10.6,700.78,349.13,6.7,0.0849,0.9186,1,0,0
2021-09-11,133.17999267578125,72.91999816894531,73.53800201416016,1562,17.26,12.74,11.42,715.55,340.61,10.8,0.0843,0.9197,1,0,0
2021-09-12,133.17999267578125,72.91999816894531,73.53800201416016,1523,17.39,12.48,10.49,717.3,347.15,6.5,0.0818,0.9253,1,0,0
2021-09-13,129.66000366210938,73.51000213623047,73.52429962158203,1513,17.69,13.19,10.8,710.21,332.73,9.1,0.0841,0.9154,1,0,0
2021-09-14,128.11000061035156,73.5999984741211,73.54080200195312,1544,17.75,13.98,11.17,712.43,335.98,9.2,0.0864,0.8551,1,0,0
2021-09-15,124.16000366210938,75.45999908447266,73.65080261230469,1540,18.2,14.09,12.72,735.89,357.41,6.3,0.0803,0.9189,1,0,0
2021-09-16,119.95999908447266,75.66999816894531,73.43800354003906,1551,17.35,13.68,12.09,721.06,354.21,7.9,0.0835,0.8898,1,0,0
2021-09-17,123.0,75.33999633789062,73.56490325927734,1566,18.17,14.07,12.29,736.44,350.44,6.7,0.0863,0.8842,1,0,0
2021-09-18,123.0,75.33999633789062,73.56490325927734,1542,17.42,12.69,11.72,721.5,329.6,9.0,0.0836,0.8816,1,0,0
2021-09-19,123.0,75.33999633789062,73.56490325927734,1539,18.19,13.66,12.28,745.0,343.23,6.7,0.0808,0.8801,1,0,0
2021-09-20,117.01000213623047,73.91999816894531,73.69609832763672,1446,17.51,12.92,12.02,749.89,328.84,7.6,0.0828,0.9124,1,0,0
2021-09-21,119.01000213623047,74.36000061035156,73.65899658203125,1423,16.16,12.95,10.84,714.73,354.71,6.8,0.085,0.8965,1,0,0
2021-09-22,120.7300033569336,76.19000244140625,73.7927017211914,1430,17.88,12.99,11.42,744.88,340.89,6.3,0.0803,0.8849,1,0,0
2021-09-23,120.44999694824219,77.25,73.8749008178711,1407,16.5,12.99,10.78,737.52,337.29,6.3,0.0822,0.9072,1,0,0
2021-09-24,120.0999984741211,78.08999633789062,73.83999633789062,1454,17.86,14.02,12.25,764.89,349.49,6.7,0.0818,0.8919,1,0,0
2021-09-25,120.0999984741211,78.08999633789062,73.83999633789062,1417,17.3,14.06,12.27,737.22,342.79,7.7,0.081,0.9219,1,0,0
2021-09-26,120.0999984741211,78.08999633789062,73.83999633789062,1406,18.41,13.79,12.39,758.17,364.03,7.1,0.0827,0.9286,1,0,0
2021-09-27,120.2300033569336,79.52999877929688,73.81289672851562,1420,16.9,13.2,11.63,752.48,344.08,7.4,0.082,0.9041,1,0,0
2021-09-28,119.88999938964844,79.08999633789062,73.82530212402344,1453,16.96,14.03,12.6,757.25,336.58,6.4,0.0835,0.9291,1,0,0
2021-09-29,119.69999694824219,78.63999938964844,74.16329956054688,1413,16.98,12.6,11.37,744.06,328.25,6.8,0.0845,0.9277,1,0,0
2021-09-30,119.6500015258789,78.5199966430664,74.3219985961914,1441,16.9,12.08,11.49,765.42,349.26,6.1,0.0797,0.9093,1,0,0
2021-10-01,115.76000213623047,79.27999877929688,74.25440216064453,1447,17.85,12.63,10.99,751.08,342.76,7.0,0.0823,0.9342,0,0,1
2021-10-02,115.76000213623047,79.27999877929688,74.25440216064453,1423,15.78,12.35,10.49,767.75,334.09,10.5,0.0821,0.8981,0,0,1
2021-10-03,115.76000213623047,79.27999877929688,74.25440216064453,1435,16.3,11.45,10.17,756.99,360.27,5.6,0.0826,0.8785,0,0,1
2021-10-04,117.76000213623047,81.26000213623047,74.152099609375,1456,16.49,12.35,10.55,774.26,359.22,5.0,0.0821,0.8852,0,0,1
2021-10-05,117.8499984741211,82.55999755859375,74.57279968261719,1452,18.13,14.0,12.91,786.94,354.27,5.2,0.0802,0.8984,0,0,1
2021-10-06,117.68000030517578,81.08000183105469,74.56320190429688,1442,18.63,14.25,12.43,765.17,365.87,6.3,0.0851,0.9161,0,0,1
2021-10-07,118.0999984741211,81.94999694824219,74.76000213623047,1440,17.2,13.28,11.46,783.22,360.41,6.1,0.0859,0.8907,0,0,1
2021-10-08,122.86000061035156,82.38999938964844,74.83000183105469,1447,17.21,13.19,11.42,802.28,349.07,6.9,0.0832,0.8981,0,0,1
2021-10-09,122.86000061035156,82.38999938964844,74.83000183105469,1465,17.5,13.94,12.55,774.58,346.91,5.4,0.0833,0.8901,0,0,1
2021-10-10,122.86000061035156,82.38999938964844,74.83000183105469,1506,18.61,13.67,11.97,797.98,365.48,6.7,0.0824,0.9004,0,0,1
2021-10-11,130.24000549316406,83.6500015258789,75.30580139160156,1486,16.88,12.49,10.73,811.13,367.58,6.4,0.084,0.9297,0,0,1
2021-10-12,126.41999816894531,83.41999816894531,75.40260314941406,1538,18.09,13.36,12.42,781.67,362.68,5.5,0.0772,0.9166,0,0,1
2021-10-13,122.29000091552734,83.18000030517578,75.48390197753906,1489,18.41,14.41,12.34,772.25,349.68,5.9,0.0821,0.901,0,0,1
2021-10-14,122.83000183105469,84.0,75.3062973022461,1493,18.09,14.2,12.51,799.34,365.78,5.2,0.0809,0.9281,0,0,1
2021-10-15,123.19000244140625,84.86000061035156,74.99500274658203,1516,18.01,13.91,12.5,795.45,353.65,5.7,0.0823,0.9109,0,0,1
2021-10-16,123.19000244140625,84.86000061035156,74.99500274658203,1525,18.71,14.81,12.38,824.45,360.18,7.6,0.0842,0.9128,0,0,1
2021-10-17,123.19000244140625,84.86000061035156,74.99500274658203,1511,15.68,11.33,10.16,802.44,375.67,5.7,0.0821,0.9275,0,0,1
2021-10-18,123.4000015258789,84.33000183105469,75.00589752197266,1503,18.32,14.76,12.57,788.51,353.93,7.2,0.0813,0.905,0,0,1
2021-10-19,123.30000305175781,85.08000183105469,75.2354965209961,1499,17.27,13.89,12.55,789.87,345.87,6.1,0.0792,0.9237,0,0,1
2021-10-20,123.48999786376953,85.81999969482422,75.12010192871094,1492,16.33,12.78,10.86,822.14,352.3,5.3,0.0818,0.9224,0,0,1
2021-10-21,122.88999938964844,84.61000061035156,74.80919647216797,1506,18.24,14.75,13.26,793.34,370.59,6.0,0.0833,0.908,0,0,1
2021-10-22,122.5,85.52999877929688,74.86540222167969,1524,19.08,13.67,12.47,807.46,364.34,5.8,0.0803,0.8899,0,0,1
2021-10-23,122.5,85.52999877929688,74.86540222167969,1509,17.79,13.26,12.01,818.4,360.51,5.6,0.078,0.9105,0,0,1
2021-10-24,122.5,85.52999877929688,74.86540222167969,1534,18.81,13.93,12.36,801.12,356.7,5.2,0.0865,0.9282,0,0,1
2021-10-25,122.05999755859375,85.98999786376953,74.99369812011719,1548,19.45,15.14,13.23,809.76,367.07,5.6,0.0826,0.9239,0,0,1
2021-10-26,122.47000122070312,86.4000015258789,75.08989715576172,1574,19.38,14.2,12.27,813.11,354.59,5.1,0.0815,0.9381,0,0,1
2021-10-27,122.36000061035156,84.58000183105469,74.88890075683594,1578,19.6,15.27,14.03,808.17,363.34,5.1,0.0847,0.9052,0,0,1
2021-10-28,121.94000244140625,84.31999969482422,75.05000305175781,1558,18.77,14.95,12.88,805.15,352.33,5.6,0.0822,0.9236,0,0,1
2021-10-29,121.2300033569336,84.37999725341797,74.79720306396484,1547,18.19,14.17,12.05,795.86,350.33,5.4,0.0846,0.8965,0,0,1
2021-10-30,121.2300033569336,84.37999725341797,74.79720306396484,1569,16.98,13.05,11.75,799.27,352.93,8.1,0.0844,0.9153,0,0,1
2021-10-31,121.2300033569336,84.37999725341797,74.79720306396484,1587,18.18,13.32,11.4,794.04,355.55,5.6,0.0793,0.9295,0,0,1
2021-11-01,102.58000183105469,84.70999908447266,74.92829895019531,1592,17.75,13.07,11.12,783.19,348.12,6.7,0.0828,0.9267,0,0,1
2021-11-02,99.4000015258789,84.72000122070312,74.82990264892578,1599,20.22,15.99,13.49,804.09,349.07,5.9,0.0853,0.9148,0,0,1
2021-11-03,99.3499984741211,81.98999786376953,74.71199798583984,1612,18.32,14.31,12.4,803.69,305.71,6.5,0.0799,0.9097,0,0,1
2021-11-04,97.16999816894531,80.54000091552734,74.43550109863281,1589,18.38,13.95,12.24,759.75,331.04,5.4,0.0799,0.898,0,0,1
2021-11-05,94.43000030517578,82.73999786376953,74.47810363769531,1624,19.02,14.25,12.64,777.21,336.85,8.4,0.0802,0.9107,0,0,1
2021-11-06,94.43000030517578,82.73999786376953,74.47810363769531,1622,18.62,13.14,11.94,776.04,355.82,5.9,0.0836,0.8944,0,0,1
2021-11-07,94.43000030517578,82.73999786376953,74.47810363769531,1621,19.95,14.63,13.09,795.18,329.97,7.1,0.0824,0.9089,0,0,1
2021-11-08,94.36000061035156,83.43000030517578,74.19110107421875,1657,18.34,14.89,13.03,796.92,343.39,5.5,0.0779,0.8881,0,0,1
2021-11-09,91.9800033569336,84.77999877929688,73.91850280761719,1693,19.26,14.0,12.24,799.53,357.31,5.1,0.0825,0.8967,0,0,1
2021-11-10,92.19000244140625,82.63999938964844,74.17479705810547,1700,18.48,14.14,12.65,774.73,326.14,6.3,0.0813,0.9295,0,0,1
2021-11-11,93.62999725341797,82.87000274658203,74.40489959716797,1738,18.26,14.38,13.16,788.55,344.42,5.0,0.0815,0.9291,0,0,1
2021-11-12,93.4000015258789,82.16999816894531,74.32209777832031,1737,18.81,13.67,12.08,763.53,331.27,5.8,0.0801,0.9136,0,0,1
2021-11-13,93.4000015258789,82.16999816894531,74.32209777832031,1758,19.4,14.84,12.87,784.03,334.25,5.3,0.0824,0.9196,0,0,1
2021-11-14,93.4000015258789,82.16999816894531,74.32209777832031,1755,19.09,14.98,12.79,792.76,331.26,6.2,0.0838,0.9215,0,0,1
2021-11-15,92.36000061035156,82.05000305175781,74.33999633789062,1766,18.95,14.41,12.1,766.41,331.17,9.7,0.0804,0.9258,0,0,1
2021-11-16,92.01000213623047,82.43000030517578,74.43509674072266,1771,18.44,15.45,13.86,765.82,366.07,5.7,0.0784,0.9243,0,0,1
2021-11-17,92.76000213623047,80.27999877929688,74.45860290527344,1760,19.37,13.89,12.45,787.41,344.52,7.0,0.0811,0.8986,0,0,1
2021-11-18,92.01000213623047,81.23999786376953,74.25980377197266,1787,18.44,14.54,13.03,768.15,348.08,5.9,0.0832,0.8829,0,0,1
2021-11-19,92.77999877929688,78.88999938964844,74.17440032958984,1753,19.99,15.11,13.25,771.9,338.92,5.8,0.0808,0.9032,0,0,1
2021-11-20,92.77999877929688,78.88999938964844,74.17440032958984,1810,19.78,15.42,14.13,756.42,317.94,8.2,0.0787,0.918,0,0,1
2021-11-21,92.77999877929688,78.88999938964844,74.17440032958984,1789,18.45,14.24,12.34,756.32,337.95,7.6,0.0832,0.934,0,0,1
2021-11-22,93.38999938964844,79.69999694824219,74.30259704589844,1770,19.32,14.32,12.98,769.46,346.31,6.8,0.0845,0.9225,0,0,1
2021-11-23,93.98999786376953,82.30999755859375,74.42980194091797,1825,19.39,14.85,13.05,772.72,331.33,5.4,0.0817,0.9288,0,0,1
2021-11-24,94.33000183105469,82.25,74.4469985961914,1849,20.4,14.58,12.59,784.48,349.63,5.9,0.0784,0.9082,0,0,1
2021-11-25,94.33000183105469,82.25,74.625,1870,21.35,16.53,14.78,778.31,347.02,5.3,0.081,0.9213,0,0,1
2021-11-26,94.44000244140625,72.72000122070312,74.50579833984375,1814,18.11,13.91,12.4,697.19,344.26,5.7,0.0819,0.9214,0,0,1
2021-11-27,94.44000244140625,72.72000122070312,74.50579833984375,1819,19.75,15.33,13.63,717.09,321.57,5.8,0.08,0.9093,0,0,1
2021-11-28,94.44000244140625,72.72000122070312,74.50579833984375,1802,19.46,15.32,13.51,709.88,314.77,7.1,0.0828,0.904,0,0,1
2021-11-29,94.70999908447266,73.44000244140625,74.98159790039062,1815,20.25,15.57,13.69,716.43,323.37,7.7,0.0798,0.9171,0,0,1
2021-11-30,94.97000122070312,70.56999969482422,75.05490112304688,1780,19.59,14.96,14.12,682.76,337.19,5.6,0.0816,0.9293,0,0,1
2021-12-01,103.16999816894531,68.87000274658203,75.0509033203125,1796,18.86,13.89,12.7,703.91,306.92,5.0,0.0811,0.9063,0,0,1
2021-12-02,101.81999969482422,69.66999816894531,75.01789855957031,1804,19.31,14.32,12.89,701.2,304.91,7.4,0.0828,0.917,0,0,1
2021-12-03,101.48999786376953,69.87999725341797,74.9834976196289,1791,18.89,14.95,13.2,703.79,326.61,5.2,0.0815,0.94,0,0,1
2021-12-04,101.48999786376953,69.87999725341797,74.9834976196289,1788,20.39,16.21,14.67,688.56,321.29,6.2,0.0811,0.9118,0,0,1
2021-12-05,101.48999786376953,69.87999725341797,74.9834976196289,1804,19.66,14.82,13.25,671.47,325.79,5.0,0.0799,0.9202,0,0,1
2021-12-06,103.73999786376953,73.08000183105469,75.23400115966797,1821,21.41,16.29,14.35,739.11,341.32,5.6,0.0816,0.9191,0,0,1
2021-12-07,108.04000091552734,75.44000244140625,75.39129638671875,1825,19.98,14.73,12.84,732.24,332.46,10.1,0.081,0.918,0,0,1
2021-12-08,106.7699966430664,75.81999969482422,75.40859985351562,1840,19.58,15.47,13.58,726.78,319.06,5.1,0.0798,0.9464,0,0,1
2021-12-09,106.48999786376953,74.41999816894531,75.38330078125,1841,18.91,14.7,11.67,730.5,355.97,5.7,0.0818,0.926,0,0,1
2021-12-10,105.0,75.1500015258789,75.59919738769531,1840,18.73,15.21,13.47,744.85,325.75,5.4,0.0822,0.8978,0,0,1
2021-12-11,105.0,75.1500015258789,75.59919738769531,1834,18.89,13.92,12.05,730.57,325.13,7.8,0.0808,0.9441,0,0,1
2021-12-12,105.0,75.1500015258789,75.59919738769531,1845,20.46,15.36,14.15,746.19,346.76,7.4,0.0833,0.9256,0,0,1
2021-12-13,108.51000213623047,74.38999938964844,75.70999908447266,1809,20.44,15.65,13.78,738.27,332.85,5.3,0.082,0.9147,0,0,1
2021-12-14,107.04000091552734,73.69999694824219,75.82689666748047,1774,18.58,14.44,12.23,707.3,334.14,5.1,0.0789,0.9394,0,0,1
2021-12-15,109.22000122070312,73.87999725341797,76.04720306396484,1764,20.53,15.49,13.61,713.45,341.18,6.2,0.0841,0.9071,0,0,1
2021-12-16,111.19000244140625,75.0199966430664,76.2114028930664,1773,19.55,14.42,12.27,741.39,350.08,5.5,0.0829,0.9448,0,0,1
2021-12-17,111.63999938964844,73.5199966430664,76.1675033569336,1775,20.03,15.66,13.97,686.35,333.93,6.3,0.0834,0.9206,0,0,1
2021-12-18,111.63999938964844,73.5199966430664,76.1675033569336,1818,21.47,16.68,14.79,717.11,352.46,5.0,0.0822,0.9357,0,0,1
2021-12-19,111.63999938964844,73.5199966430664,76.1675033569336,1846,21.07,15.56,14.08,701.73,315.91,5.2,0.0767,0.96,0,0,1
2021-12-20,113.79000091552734,71.5199966430664,76.00599670410156,1832,20.01,15.89,13.67,698.52,343.15,6.4,0.0836,0.9238,0,0,1
2021-12-21,113.63999938964844,73.9800033569336,75.75869750976562,1857,19.77,15.61,13.75,718.69,330.76,5.3,0.0815,0.9204,0,0,1
2021-12-22,112.54000091552734,75.29000091552734,75.6864013671875,1849,18.8,14.36,12.09,727.58,354.18,7.3,0.0821,0.9056,0,0,1
2021-12-23,112.54000091552734,76.8499984741211,75.45850372314453,1867,20.13,15.34,13.78,736.68,344.22,5.1,0.0824,0.9204,0,0,1
2021-12-24,112.54000091552734,76.8499984741211,75.06739807128906,1866,20.56,15.9,14.2,730.14,336.07,5.3,0.0852,0.9067,0,0,1
2021-12-25,112.54000091552734,76.8499984741211,75.06739807128906,1880,20.04,14.8,13.22,770.81,349.43,12.9,0.0802,0.9199,0,0,1
2021-12-26,112.54000091552734,76.8499984741211,75.06739807128906,1865,20.67,15.72,13.83,765.72,351.73,5.7,0.0803,0.96,0,0,1
2021-12-27,112.98999786376953,78.5999984741211,75.31500244140625,1899,21.12,14.98,13.35,742.19,352.11,6.5,0.0796,0.9251,0,0,1
2021-12-28,112.29000091552734,78.94000244140625,74.98030090332031,1946,21.18,16.54,15.2,777.62,335.49,5.2,0.0792,0.9166,0,0,1
2021-12-29,112.33999633789062,79.2300033569336,74.74500274658203,1952,20.91,15.11,13.18,755.96,341.41,6.1,0.0792,0.9219,0,0,1
2021-12-30,112.23999786376953,79.31999969482422,74.57029724121094,1969,21.69,17.24,15.23,762.97,346.28,6.6,0.0776,0.9195,0,0,1
2021-12-31,112.5,77.77999877929688,74.43119812011719,1980,21.93,16.5,14.09,749.37,343.76,5.5,0.0821,0.9417,0,0,1
2022-01-01,112.5,77.77999877929688,74.43119812011719,1976,20.71,15.63,13.41,742.21,351.67,4.6,0.0852,0.9245,0,0,0
2022-01-02,112.5,77.77999877929688,74.43119812011719,1988,22.8,17.01,15.01,761.93,324.02,3.6,0.0853,0.9504,0,0,0
2022-01-03,120.4000015258789,78.9800033569336,74.51380157470703,2004,21.76,16.39,14.86,760.43,354.05,3.1,0.0795,0.9221,0,0,0
2022-01-04,120.91000366210938,80.0,74.4032974243164,2021,22.01,17.44,15.24,760.68,349.65,3.5,0.0807,0.9236,0,0,0
2022-01-05,124.13999938964844,80.80000305175781,74.53489685058594,2014,22.58,15.92,13.92,756.61,347.3,3.5,0.0837,0.9137,0,0,0
2022-01-06,125.94000244140625,81.98999786376953,74.43009948730469,2030,22.37,17.64,15.36,770.26,351.12,2.7,0.0821,0.9219,0,0,0
2022-01-07,126.20999908447266,81.75,74.41929626464844,2047,23.05,17.69,15.35,759.53,356.21,3.1,0.0815,0.9022,0,0,0
2022-01-08,126.20999908447266,81.75,74.41929626464844,2090,22.78,16.71,14.82,779.37,322.34,3.0,0.0807,0.8977,0,0,0
2022-01-09,126.20999908447266,81.75,74.41929626464844,2120,22.26,16.38,13.82,764.87,351.34,3.1,0.0835,0.94,0,0,0
2022-01-10,124.4800033569336,80.87000274658203,74.2699966430664,2173,23.32,18.56,16.85,769.59,347.23,4.2,0.079,0.9063,0,0,0
2022-01-11,126.75,83.72000122070312,74.05699920654297,2182,22.31,16.48,14.24,810.11,366.96,3.3,0.0821,0.9388,0,0,0
2022-01-12,128.66000366210938,84.66999816894531,73.81529998779297,2218,23.57,17.34,15.55,815.02,356.15,5.9,0.0818,0.9264,0,0,0
2022-01-13,127.83999633789062,84.47000122070312,73.79910278320312,2227,23.53,18.45,15.73,798.78,361.26,2.9,0.0812,0.9483,0,0,0
2022-01-14,126.23999786376953,86.05999755859375,73.97229766845703,2301,23.89,18.33,16.4,809.77,380.26,3.1,0.0827,0.9108,0,0,0
2022-01-15,126.23999786376953,86.05999755859375,73.97229766845703,2287,23.9,17.7,15.84,833.38,374.78,4.4,0.0812,0.9452,0,0,0
2022-01-16,126.23999786376953,86.05999755859375,73.97229766845703,2272,22.44,17.16,15.25,817.07,373.86,3.4,0.08,0.9407,0,0,0
2022-01-17,126.23999786376953,86.05999755859375,74.37899780273438,2263,23.48,17.33,14.85,806.89,359.84,3.5,0.0813,0.9409,0,0,0
2022-01-18,127.4800033569336,87.51000213623047,74.25509643554688,2227,23.87,18.69,16.55,804.34,373.18,2.6,0.0779,0.9511,0,0,0
2022-01-19,127.41000366210938,88.44000244140625,74.61969757080078,2227,23.99,18.76,16.04,832.99,366.77,3.1,0.0823,0.9353,0,0,0
2022-01-20,129.08999633789062,88.37999725341797,74.44920349121094,2214,22.99,17.74,15.51,837.78,368.06,2.9,0.0828,0.8971,0,0,0
2022-01-21,129.49000549316406,87.88999938964844,74.45220184326172,2220,24.86,19.07,17.19,816.65,373.63,11.3,0.0797,0.9407,0,0,0
2022-01-22,129.49000549316406,87.88999938964844,74.45220184326172,2234,23.26,18.56,16.65,827.73,363.56,2.9,0.0792,0.9393,0,0,0
2022-01-23,129.49000549316406,87.88999938964844,74.45220184326172,2287,25.04,19.03,16.75,819.87,384.46,5.1,0.0798,0.9326,0,0,0
2022-01-24,128.74000549316406,86.2699966430664,74.41320037841797,2303,24.66,18.15,15.58,810.15,365.05,3.9,0.0809,0.9241,0,0,0
2022-01-25,129.94000244140625,88.19999694824219,74.6447982788086,2310,23.94,18.42,16.47,796.65,376.45,3.0,0.0814,0.9316,0,0,0
2022-01-26,129.39999389648438,89.95999908447266,74.77999877929688,2307,25.95,20.77,18.29,836.75,387.14,3.4,0.0842,0.9588,0,0,0
2022-01-27,129.9600067138672,89.33999633789062,74.8949966430664,2320,23.65,17.47,14.45,846.49,382.3,4.7,0.084,0.9235,0,0,0
2022-01-28,130.80999755859375,90.02999877929688,75.20929718017578,2299,25.27,19.02,17.05,832.34,359.44,5.1,0.0826,0.9105,0,0,0
2022-01-29,130.80999755859375,90.02999877929688,75.20929718017578,2350,25.65,19.7,17.33,840.55,377.98,2.7,0.0812,0.9163,0,0,0
2022-01-30,130.80999755859375,90.02999877929688,75.20929718017578,2385,24.53,18.62,16.87,830.85,382.04,3.0,0.0791,0.939,0,0,0
2022-01-31,131.14999389648438,91.20999908447266,75.03900146484375,2388,26.26,19.47,16.7,852.89,384.42,3.0,0.0843,0.96,0,0,0
2022-02-01,138.7899932861328,89.16000366210938,74.55580139160156,2334,24.59,19.25,15.67,830.94,365.88,2.6,0.0804,0.96,0,0,0
2022-02-02,139.97999572753906,89.47000122070312,74.74549865722656,2376,25.29,20.38,18.05,824.54,371.62,3.6,0.0815,0.949,0,0,0
2022-02-03,145.9499969482422,91.11000061035156,74.82240295410156,2392,25.44,19.43,17.22,863.83,394.18,4.8,0.0822,0.925,0,0,0
2022-02-04,145.4499969482422,93.2699966430664,74.6438980102539,2445,25.53,18.95,16.0,874.82,379.56,3.1,0.081,0.9284,0,0,0
2022-02-05,145.4499969482422,93.2699966430664,74.6438980102539,2410,26.11,19.07,16.39,856.41,384.18,4.1,0.0832,0.9535,0,0,0
2022-02-06,145.4499969482422,93.2699966430664,74.6438980102539,2401,26.07,19.94,18.65,869.64,402.93,3.7,0.0818,0.96,0,0,0
2022-02-07,150.11000061035156,92.69000244140625,74.64219665527344,2401,24.03,18.81,16.43,865.87,388.62,3.1,0.0828,0.9304,0,0,0
2022-02-08,148.8300018310547,90.77999877929688,74.6583023071289,2392,26.37,20.28,18.14,853.13,378.2,2.7,0.0818,0.96,0,0,0
2022-02-09,147.63999938964844,91.55000305175781,74.69519805908203,2392,24.05,18.28,15.83,830.73,377.13,4.0,0.0808,0.9363,0,0,0
2022-02-10,151.57000732421875,91.41000366210938,74.80889892578125,2411,26.32,19.71,16.51,862.11,391.38,4.8,0.081,0.9511,0,0,0
2022-02-11,150.8699951171875,94.44000244140625,75.53839874267578,2414,26.56,19.64,17.22,865.41,378.85,3.9,0.0807,0.9576,0,0,0
2022-02-12,150.8699951171875,94.44000244140625,75.53839874267578,2415,24.81,19.27,16.85,867.95,389.71,2.5,0.0782,0.9183,0,0,0
2022-02-13,150.8699951171875,94.44000244140625,75.53839874267578,2423,25.42,19.78,17.25,903.9,395.51,2.8,0.0788,0.9475,0,0,0
2022-02-14,146.75999450683594,96.4800033569336,75.34100341796875,2457,25.15,18.34,16.09,890.82,405.77,2.6,0.0823,0.96,0,0,0
2022-02-15,144.88999938964844,93.27999877929688,75.6854019165039,2453,25.73,20.35,18.01,859.11,393.53,3.5,0.0783,0.9334,0,0,0
2022-02-16,142.22999572753906,94.80999755859375,75.17479705810547,2442,25.68,19.8,17.36,848.49,380.41,4.2,0.08,0.9256,0,0,0
2022-02-17,143.8800048828125,92.97000122070312,75.04199981689453,2393,26.22,20.63,17.65,878.15,397.57,2.6,0.0787,0.9472,0,0,0
2022-02-18,141.11000061035156,93.54000091552734,75.06300354003906,2434,26.91,19.78,17.6,849.51,381.98,4.7,0.0798,0.9431,0,0,0
2022-02-19,141.11000061035156,93.54000091552734,75.06300354003906,2447,27.07,19.89,16.72,853.61,372.62,3.5,0.0804,0.9367,0,0,0
2022-02-20,141.11000061035156,93.54000091552734,75.06300354003906,2432,25.44,19.26,16.13,861.67,383.26,3.9,0.0799,0.941,0,0,0
2022-02-21,141.11000061035156,93.54000091552734,74.68240356445312,2475,25.97,19.99,17.89,882.65,399.36,6.8,0.0779,0.9174,0,0,0
2022-02-22,143.25999450683594,96.83999633789062,74.51699829101562,2508,25.13,20.0,17.8,899.12,392.87,2.6,0.0803,0.9497,0,0,0
2022-02-23,142.9600067138672,96.83999633789062,74.62300109863281,2542,26.03,20.14,17.7,887.94,391.16,5.3,0.0788,0.96,0,0,0
2022-02-24,142.66000366210938,99.08000183105469,74.63300323486328,2565,27.68,20.92,17.85,909.96,410.59,2.7,0.0794,0.9348,0,0,0
2022-02-25,141.75999450683594,97.93000030517578,75.4083023071289,2611,28.43,21.09,18.28,890.62,377.64,3.1,0.0822,0.9346,0,0,0
2022-02-26,141.75999450683594,97.93000030517578,75.4083023071289,2659,26.43,20.7,18.11,899.5,379.1,4.8,0.0826,0.9512,0,0,0
2022-02-27,141.75999450683594,97.93000030517578,75.4083023071289,2656,26.94,19.99,16.95,898.71,375.79,5.3,0.078,0.96,0,0,0
2022-02-28,141.99000549316406,100.98999786376953,75.06800079345703,2709,27.83,21.97,19.04,931.88,400.41,3.3,0.0838,0.96,0,0,0
2022-03-01,143.4499969482422,104.97000122070312,75.28479766845703,2760,28.53,21.54,19.22,950.0,405.19,3.6,0.0796,0.9506,0,0,0
2022-03-02,146.07000732421875,112.93000030517578,75.80120086669922,2861,28.55,22.49,20.36,950.0,432.46,4.0,0.0794,0.956,0,0,0
2022-03-03,151.11000061035156,110.45999908447266,75.63099670410156,2821,29.23,22.55,19.68,950.0,418.79,4.6,0.0788,0.96,0,0,0
2022-03-04,152.27999877929688,118.11000061035156,75.8917007446289,2902,29.28,22.18,19.82,950.0,424.49,2.7,0.0807,0.9431,0,0,0
2022-03-05,152.27999877929688,118.11000061035156,75.8917007446289,2932,29.82,22.4,18.95,950.0,428.55,4.5,0.0846,0.96,0,0,0
2022-03-06,152.27999877929688,118.11000061035156,75.8917007446289,2891,30.06,22.68,20.22,950.0,429.71,3.3,0.0775,0.9396,0,0,0
2022-03-07,158.82000732421875,123.20999908447266,76.41799926757812,2905,29.92,22.95,19.87,950.0,423.39,3.2,0.0765,0.96,0,0,0
2022-03-08,160.9600067138672,127.9800033569336,77.08080291748047,2895,29.71,22.62,20.03,950.0,475.65,3.2,0.0811,0.9521,0,0,0
2022-03-09,157.58999633789062,111.13999938964844,76.91449737548828,2756,28.54,21.39,18.72,950.0,426.46,3.4,0.0817,0.9549,0,0,0
2022-03-10,156.9499969482422,109.33000183105469,76.13490295410156,2762,28.53,21.6,19.54,950.0,420.27,6.0,0.0807,0.9467,0,0,0
2022-03-11,155.36000061035156,112.66999816894531,76.310302734375,2829,28.82,21.94,18.96,950.0,428.37,3.5,0.0817,0.96,0,0,0
2022-03-12,155.36000061035156,112.66999816894531,76.310302734375,2833,28.94,20.93,18.67,950.0,429.32,6.2,0.0783,0.9518,0,0,0
2022-03-13,155.36000061035156,112.66999816894531,76.310302734375,2876,30.67,23.54,20.6,950.0,420.82,2.7,0.0786,0.96,0,0,0
2022-03-14,150.11000061035156,106.9000015258789,76.75370025634766,2798,29.19,21.69,19.02,950.0,404.1,4.0,0.0808,0.96,0,0,0
2022-03-15,144.77000427246094,99.91000366210938,76.49009704589844,2702,27.7,20.48,17.95,923.38,402.72,4.5,0.084,0.9305,0,0,0
2022-03-16,148.85000610351562,98.0199966430664,76.26589965820312,2687,28.34,20.69,17.87,910.71,400.2,3.9,0.0816,0.9524,0,0,0
2022-03-17,149.64999389648438,106.63999938964844,76.02420043945312,2768,28.32,20.63,18.15,950.0,401.65,3.6,0.0817,0.96,0,0,0
2022-03-18,150.58999633789062,107.93000030517578,75.98159790039062,2779,29.64,21.85,19.2,950.0,426.44,3.5,0.0783,0.9458,0,0,0
2022-03-19,150.58999633789062,107.93000030517578,75.98159790039062,2729,28.73,21.48,19.0,950.0,415.18,4.9,0.0813,0.96,0,0,0
2022-03-20,150.58999633789062,107.93000030517578,75.98159790039062,2729,28.35,22.52,19.85,950.0,419.55,4.6,0.0781,0.96,0,0,0
2022-03-21,150.47000122070312,115.62000274658203,75.94640350341797,2759,29.28,21.99,19.67,950.0,437.63,2.7,0.084,0.9507,0,0,0
2022-03-22,149.67999267578125,115.4800033569336,76.30709838867188,2776,27.76,21.19,19.02,950.0,423.25,4.8,0.0784,0.96,0,0,0
2022-03-23,149.57000732421875,121.5999984741211,76.10189819335938,2836,28.69,22.0,18.94,950.0,435.31,3.1,0.0788,0.9184,0,0,0
2022-03-24,149.6300048828125,119.02999877929688,76.55239868164062,2793,28.3,21.57,19.33,950.0,436.42,2.9,0.0775,0.96,0,0,0
2022-03-25,149.8699951171875,120.6500015258789,76.32350158691406,2794,29.45,22.34,19.18,950.0,423.65,4.9,0.0806,0.96,0,0,0
2022-03-26,149.8699951171875,120.6500015258789,76.32350158691406,2769,30.58,22.64,20.16,950.0,431.44,3.2,0.0805,0.936,0,0,0
2022-03-27,149.8699951171875,120.6500015258789,76.32350158691406,2768,30.98,24.27,21.61,950.0,432.15,4.5,0.0834,0.956,0,0,0
2022-03-28,150.13999938964844,112.4800033569336,76.27850341796875,2727,29.15,23.06,19.53,950.0,409.24,2.9,0.0819,0.9205,0,0,0
2022-03-29,150.13999938964844,110.2300033569336,76.03410339355469,2685,28.72,20.99,18.51,950.0,438.61,2.5,0.0788,0.938,0,0,0
2022-03-30,150.61000061035156,113.44999694824219,75.66670227050781,2724,27.23,20.18,17.57,950.0,406.47,3.3,0.0821,0.96,0,0,0
2022-03-31,150.83999633789062,107.91000366210938,75.82779693603516,2667,27.7,20.91,18.1,950.0,399.39,2.6,0.0778,0.9487,0,0,0
2022-04-01,159.85000610351562,104.38999938964844,75.9092025756836,2620,27.1,20.11,18.24,938.15,425.64,4.2,0.0789,0.9463,0,1,0
2022-04-02,159.85000610351562,104.38999938964844,75.9092025756836,2617,27.22,20.94,18.17,942.52,419.63,2.9,0.0806,0.9479,0,1,0
2022-04-03,159.85000610351562,104.38999938964844,75.9092025756836,2592,27.44,20.49,17.71,927.89,402.24,3.2,0.078,0.9453,0,1,0
2022-04-04,161.83999633789062,107.52999877929688,75.99479675292969,2603,27.38,21.89,19.29,950.0,424.47,2.6,0.0824,0.96,0,1,0
2022-04-05,161.25,106.63999938964844,75.47799682617188,2566,25.94,20.31,18.15,950.0,431.39,2.9,0.0848,0.9362,0,1,0
2022-04-06,160.0800018310547,101.06999969482422,75.45069885253906,2570,27.92,21.33,18.71,897.47,407.35,4.3,0.0797,0.952,0,1,0
2022-04-07,157.2899932861328,100.58000183105469,75.94509887695312,2567,26.42,20.59,18.59,928.99,431.23,2.7,0.079,0.9284,0,1,0
2022-04-08,154.2100067138672,102.77999877929688,75.91320037841797,2567,27.56,21.5,19.13,923.65,389.46,3.8,0.08,0.9567,0,1,0
2022-04-09,154.2100067138672,102.77999877929688,75.91320037841797,2572,29.05,21.8,18.31,943.66,413.63,5.5,0.0791,0.9409,0,1,0
2022-04-10,154.2100067138672,102.77999877929688,75.91320037841797,2569,26.64,19.84,17.25,932.56,418.36,3.9,0.0808,0.945,0,1,0
2022-04-11,155.94000244140625,98.4800033569336,75.91729736328125,2528,24.94,18.99,16.49,902.2,410.2,4.5,0.0776,0.9388,0,1,0
2022-04-12,155.55999755859375,104.63999938964844,75.83699798583984,2592,27.34,21.21,18.86,944.79,408.25,2.6,0.0808,0.9429,0,1,0
2022-04-13,154.6699981689453,108.77999877929688,76.1498031616211,2643,28.89,22.03,18.34,950.0,413.07,2.8,0.084,0.933,0,1,0
2022-04-14,155.69000244140625,111.69999694824219,76.12169647216797,2652,29.74,21.81,20.21,950.0,425.41,5.2,0.0762,0.9533,0,1,0
2022-04-15,155.69000244140625,111.69999694824219,76.30879974365234,2637,27.1,20.19,17.98,950.0,429.12,4.0,0.0778,0.9562,0,1,0
2022-04-16,155.69000244140625,111.69999694824219,76.30879974365234,2629,28.43,21.57,19.04,950.0,426.99,3.7,0.0793,0.9277,0,1,0
2022-04-17,155.69000244140625,111.69999694824219,76.30879974365234,2570,27.33,20.73,18.72,950.0,431.36,3.8,0.0812,0.9367,0,1,0
2022-04-18,155.6199951171875,113.16000366210938,76.3313980102539,2543,27.52,21.9,20.21,950.0,412.92,3.1,0.0819,0.9452,0,1,0
2022-04-19,154.5800018310547,107.25,76.28019714355469,2528,29.39,21.64,19.39,950.0,411.35,2.6,0.0818,0.9353,0,1,0
2022-04-20,154.41000366210938,106.80000305175781,76.44539642333984,2564,26.25,20.2,18.16,950.0,403.45,4.3,0.0767,0.9421,0,1,0
2022-04-21,154.27000427246094,108.33000183105469,76.27619934082031,2569,27.73,21.82,19.25,950.0,411.2,3.9,0.0788,0.96,0,1,0
2022-04-22,154.1300048828125,106.6500015258789,76.28520202636719,2568,27.82,22.28,19.55,950.0,422.61,3.3,0.0783,0.9303,0,1,0
2022-04-23,154.1300048828125,106.6500015258789,76.28520202636719,2574,28.34,21.34,18.59,950.0,413.53,5.3,0.08,0.9111,0,1,0
2022-04-24,154.1300048828125,106.6500015258789,76.28520202636719,2649,27.96,21.5,18.59,950.0,438.52,3.0,0.0801,0.9393,0,1,0
2022-04-25,152.47000122070312,102.31999969482422,76.4635009765625,2640,27.9,21.49,18.64,945.68,406.9,2.9,0.0773,0.9431,0,1,0
2022-04-26,152.0800018310547,104.98999786376953,76.52780151367188,2656,27.52,21.01,17.95,943.68,409.33,5.0,0.0792,0.9412,0,1,0
2022-04-27,151.6199951171875,105.31999969482422,76.79409790039062,2633,27.93,21.18,18.61,935.04,410.01,4.4,0.0812,0.9518,0,1,0
2022-04-28,151.19000244140625,107.58999633789062,76.47219848632812,2609,27.38,21.03,17.83,950.0,405.72,3.4,0.0788,0.9315,0,1,0
2022-04-29,150.77000427246094,109.33999633789062,76.58899688720703,2625,28.3,20.24,17.89,950.0,413.89,2.7,0.0796,0.9299,0,1,0
2022-04-30,150.77000427246094,109.33999633789062,76.58899688720703,2604,27.38,21.15,18.6,950.0,425.75,2.8,0.0834,0.9367,0,1,0
2022-05-01,150.77000427246094,109.33999633789062,76.58899688720703,2566,27.75,21.15,18.67,950.0,415.61,3.8,0.084,0.9357,0,1,0
2022-05-02,144.0800018310547,107.58000183105469,76.52310180664062,2533,27.16,20.53,17.86,950.0,399.88,3.1,0.0757,0.96,0,1,0
2022-05-03,144.0800018310547,104.97000122070312,76.52410125732422,2482,27.69,22.07,20.65,933.13,394.65,4.7,0.0802,0.96,0,1,0
2022-05-04,142.89999389648438,110.13999938964844,76.46730041503906,2563,27.39,20.48,18.57,950.0,406.45,6.1,0.0858,0.9204,0,1,0
2022-05-05,144.89999389648438,110.9000015258789,76.00160217285156,2588,26.17,19.69,16.83,950.0,414.03,4.5,0.0809,0.9173,0,1,0
2022-05-06,136.91000366210938,112.38999938964844,76.54180145263672,2597,28.69,22.8,20.16,950.0,422.67,3.1,0.08,0.9453,0,1,0
2022-05-07,136.91000366210938,112.38999938964844,76.54180145263672,2631,27.13,20.2,17.53,950.0,397.33,4.4,0.0826,0.96,0,1,0
2022-05-08,136.91000366210938,112.38999938964844,76.54180145263672,2629,27.31,20.48,17.62,950.0,407.53,3.0,0.0804,0.9576,0,1,0
2022-05-09,133.30999755859375,105.94000244140625,76.9574966430664,2553,26.66,20.19,17.23,950.0,400.34,2.7,0.0814,0.9446,0,1,0
2022-05-10,131.89999389648438,102.45999908447266,77.3655014038086,2560,28.12,21.79,19.35,932.7,374.49,2.5,0.0795,0.9385,0,1,0
2022-05-11,134.25999450683594,107.51000213623047,77.27140045166016,2610,25.78,19.7,17.06,950.0,393.49,3.1,0.0803,0.96,0,1,0
2022-05-12,131.97999572753906,107.44999694824219,77.41840362548828,2580,29.81,22.01,19.76,950.0,393.56,5.3,0.0808,0.9487,0,1,0
2022-05-13,132.3300018310547,111.55000305175781,77.44380187988281,2605,28.43,21.34,19.18,950.0,398.76,2.8,0.0816,0.96,0,1,0
2022-05-14,132.3300018310547,111.55000305175781,77.44380187988281,2579,27.6,20.67,18.74,950.0,408.64,2.8,0.079,0.9207,0,1,0
2022-05-15,132.3300018310547,111.55000305175781,77.44380187988281,2541,27.15,20.6,17.79,950.0,405.12,6.7,0.079,0.9511,0,1,0
2022-05-16,132.9600067138672,114.23999786376953,77.48629760742188,2582,27.74,21.3,18.93,950.0,405.58,2.5,0.076,0.9376,0,1,0
2022-05-17,132.61000061035156,111.93000030517578,77.8053970336914,2607,27.96,21.46,19.14,950.0,411.74,4.3,0.0791,0.9531,0,1,0
2022-05-18,130.80999755859375,109.11000061035156,77.37239837646484,2545,27.58,20.07,17.47,950.0,419.38,3.0,0.0817,0.9486,0,1,0
2022-05-19,131.9199981689453,112.04000091552734,77.81999969482422,2579,27.8,21.66,18.75,950.0,423.6,2.5,0.0808,0.9536,0,1,0
2022-05-20,133.66000366210938,112.55000305175781,77.42109680175781,2562,27.33,20.9,19.04,950.0,389.79,5.5,0.0778,0.96,0,1,0
2022-05-21,133.66000366210938,112.55000305175781,77.42109680175781,2546,27.0,21.21,18.76,950.0,414.79,2.7,0.076,0.96,0,1,0
2022-05-22,133.66000366210938,112.55000305175781,77.42109680175781,2527,26.91,20.67,18.44,950.0,407.24,3.5,0.0795,0.96,0,1,0
2022-05-23,133.99000549316406,113.41999816894531,77.81839752197266,2508,26.78,20.9,18.06,950.0,412.08,2.9,0.0816,0.9438,0,1,0
2022-05-24,133.30999755859375,113.55999755859375,77.52680206298828,2506,27.82,21.38,18.33,950.0,406.34,2.6,0.0788,0.9354,0,1,0
2022-05-25,133.27000427246094,114.02999877929688,77.47879791259766,2484,27.27,21.4,18.6,950.0,412.18,2.6,0.0769,0.9244,0,1,0
2022-05-26,132.97999572753906,117.4000015258789,77.49729919433594,2514,24.72,19.05,16.71,950.0,417.4,2.6,0.0786,0.9503,0,1,0
2022-05-27,133.1699981689453,119.43000030517578,77.63020324707031,2524,27.71,21.01,18.06,950.0,413.26,2.6,0.0804,0.9567,0,1,0
2022-05-28,133.1699981689453,119.43000030517578,77.63020324707031,2513,27.26,21.85,19.22,950.0,410.08,4.2,0.0822,0.9235,0,1,0
2022-05-29,133.1699981689453,119.43000030517578,77.63020324707031,2486,26.92,20.9,17.72,950.0,414.56,3.3,0.0792,0.96,0,1,0
2022-05-30,133.1699981689453,119.43000030517578,77.69200134277344,2467,26.5,20.43,17.53,950.0,421.39,3.0,0.0818,0.9407,0,1,0
2022-05-31,133.50999450683594,122.83999633789062,77.5208969116211,2508,28.05,20.68,18.47,950.0,430.36,3.2,0.0816,0.9248,0,1,0
2022-06-01,136.9499969482422,116.29000091552734,77.5989990234375,2463,27.37,20.16,17.98,950.0,425.14,9.2,0.0773,0.9294,1,0,0
2022-06-02,142.35000610351562,117.61000061035156,77.58409881591797,2444,25.92,19.85,17.31,950.0,416.88,8.9,0.0822,0.9273,1,0,0
2022-06-03,144.02000427246094,119.72000122070312,77.3604965209961,2459,27.01,20.6,17.72,950.0,428.83,7.5,0.0803,0.9281,1,0,0
2022-06-04,144.02000427246094,119.72000122070312,77.3604965209961,2472,25.96,19.42,16.68,950.0,435.62,8.6,0.0773,0.9509,1,0,0
2022-06-05,144.02000427246094,119.72000122070312,77.3604965209961,2426,25.35,19.34,16.87,950.0,437.65,6.5,0.0832,0.9538,1,0,0
2022-06-06,144.80999755859375,119.51000213623047,77.69419860839844,2432,25.96,20.52,18.32,950.0,425.56,6.6,0.0794,0.96,1,0,0
2022-06-07,145.8800048828125,120.56999969482422,77.82099914550781,2419,27.1,20.94,18.8,950.0,426.17,7.1,0.0758,0.9302,1,0,0
2022-06-08,145.33999633789062,123.58000183105469,77.67060089111328,2452,27.45,20.29,17.66,950.0,434.49,7.2,0.0782,0.9469,1,0,0
2022-06-09,143.6300048828125,123.06999969482422,77.72429656982422,2424,26.9,20.39,17.48,950.0,419.29,6.8,0.0777,0.9311,1,0,0
2022-06-10,141.50999450683594,122.01000213623047,77.8187026977539,2365,26.67,19.87,17.59,950.0,425.98,6.6,0.0782,0.9391,1,0,0
2022-06-11,141.50999450683594,122.01000213623047,77.8187026977539,2319,26.23,19.74,17.04,950.0,435.37,11.1,0.0787,0.9151,1,0,0
2022-06-12,141.50999450683594,122.01000213623047,77.8187026977539,2314,25.25,18.98,16.5,950.0,434.34,8.1,0.0791,0.9203,1,0,0
2022-06-13,140.33999633789062,122.2699966430664,78.17759704589844,2318,26.12,19.61,17.79,950.0,424.91,6.7,0.079,0.9493,1,0,0
2022-06-14,140.08999633789062,121.16999816894531,78.16059875488281,2281,26.14,19.24,17.26,950.0,427.99,7.6,0.0794,0.9138,1,0,0
2022-06-15,137.1699981689453,118.51000213623047,77.9854965209961,2270,25.91,19.63,17.34,950.0,411.82,6.4,0.0807,0.9449,1,0,0
2022-06-16,137.85000610351562,119.80999755859375,77.90019989013672,2233,26.08,19.54,16.69,950.0,429.46,6.1,0.0781,0.9243,1,0,0
2022-06-17,135.69000244140625,113.12000274658203,77.97769927978516,2172,25.06,17.58,15.55,950.0,410.32,6.5,0.0819,0.9035,1,0,0
2022-06-18,135.69000244140625,113.12000274658203,77.97769927978516,2137,24.56,19.69,17.75,950.0,408.33,6.6,0.0771,0.8932,1,0,0
2022-06-19,135.69000244140625,113.12000274658203,77.97769927978516,2115,24.99,19.54,17.04,950.0,407.48,6.0,0.0807,0.9525,1,0,0
2022-06-20,135.69000244140625,113.12000274658203,77.9614028930664,2110,24.06,18.1,16.47,950.0,410.47,8.0,0.0828,0.9018,1,0,0
2022-06-21,133.47000122070312,114.6500015258789,77.93399810791016,2095,23.32,17.73,16.12,950.0,407.58,6.5,0.0791,0.9289,1,0,0
2022-06-22,127.91999816894531,111.73999786376953,78.13490295410156,2057,23.55,17.31,15.9,950.0,410.94,7.0,0.0799,0.9339,1,0,0
2022-06-23,131.4499969482422,110.05000305175781,78.19309997558594,2063,23.02,18.34,16.26,950.0,399.99,6.1,0.0775,0.9091,1,0,0
2022-06-24,129.7100067138672,113.12000274658203,78.14240264892578,2067,23.2,18.58,16.59,950.0,423.44,6.2,0.0784,0.9206,1,0,0
2022-06-25,129.7100067138672,113.12000274658203,78.14240264892578,2082,23.68,18.08,16.48,950.0,422.16,8.6,0.0826,0.9366,1,0,0
2022-06-26,129.7100067138672,113.12000274658203,78.14240264892578,2048,22.95,17.95,15.97,950.0,398.59,7.1,0.0809,0.9327,1,0,0
2022-06-27,130.92999267578125,115.08999633789062,78.2522964477539,2071,23.51,17.96,15.6,950.0,411.89,9.6,0.0803,0.9221,1,0,0
2022-06-28,131.00999450683594,117.9800033569336,78.44110107421875,2125,22.64,16.54,14.38,950.0,409.07,14.0,0.0755,0.9344,1,0,0
2022-06-29,130.4600067138672,116.26000213623047,79.07319641113281,2043,23.77,17.86,15.81,950.0,409.4,6.6,0.078,0.9266,1,0,0
2022-06-30,130.0,114.80999755859375,78.89830017089844,2006,23.31,17.78,15.13,950.0,430.24,6.4,0.0829,0.9123,1,0,0
2022-07-01,114.44999694824219,111.62999725341797,78.96299743652344,1989,22.41,16.8,14.73,950.0,393.04,8.3,0.0802,0.9443,1,0,0
2022-07-02,114.44999694824219,111.62999725341797,78.96299743652344,1978,23.5,17.75,16.06,950.0,399.72,13.9,0.0805,0.929,1,0,0
2022-07-03,114.44999694824219,111.62999725341797,78.96299743652344,1982,23.72,17.98,14.95,950.0,401.53,7.2,0.0797,0.8984,1,0,0
2022-07-04,114.44999694824219,111.62999725341797,78.95069885253906,1961,21.54,16.33,14.98,950.0,386.11,7.9,0.0781,0.9332,1,0,0
2022-07-05,113.61000061035156,102.7699966430664,78.93949890136719,1886,21.42,16.31,14.8,922.47,373.77,7.8,0.08,0.9136,1,0,0
2022-07-06,112.37999725341797,100.69000244140625,79.36840057373047,1860,21.17,15.56,13.51,927.77,366.4,6.5,0.0763,0.9177,1,0,0
2022-07-07,115.13999938964844,104.6500015258789,79.04389953613281,1915,21.47,15.96,14.26,948.49,377.2,7.0,0.0761,0.924,1,0,0
2022-07-08,113.73999786376953,107.0199966430664,79.22160339355469,1935,23.06,16.88,14.86,949.03,360.27,8.1,0.0778,0.9126,1,0,0
2022-07-09,113.73999786376953,107.0199966430664,79.22160339355469,1937,22.23,17.38,15.79,950.0,394.22,7.4,0.0797,0.9516,1,0,0
2022-07-10,113.73999786376953,107.0199966430664,79.22160339355469,1921,22.06,15.71,14.22,947.25,409.32,6.0,0.0762,0.9016,1,0,0
2022-07-11,109.97000122070312,107.0999984741211,79.3313980102539,1904,20.55,16.19,13.69,950.0,388.11,6.5,0.0795,0.9243,1,0,0
2022-07-12,109.68000030517578,99.48999786376953,79.47779846191406,1826,21.9,17.34,15.49,899.49,360.88,6.2,0.0773,0.9266,1,0,0
2022-07-13,111.05000305175781,99.56999969482422,79.47640228271484,1831,20.4,15.35,13.43,905.46,369.56,6.3,0.0775,0.9217,1,0,0
2022-07-14,106.01000213623047,99.0999984741211,79.80750274658203,1811,21.29,14.88,13.13,912.45,367.67,8.8,0.0819,0.9175,1,0,0
2022-07-15,104.30000305175781,101.16000366210938,79.87830352783203,1829,21.62,16.25,14.01,927.76,364.14,6.0,0.0793,0.9153,1,0,0
2022-07-16,104.30000305175781,101.16000366210938,79.87830352783203,1875,22.72,17.24,15.87,937.55,382.92,6.3,0.0774,0.9105,1,0,0
2022-07-17,104.30000305175781,101.16000366210938,79.87830352783203,1891,20.64,15.18,13.77,920.52,382.42,6.4,0.0796,0.9107,1,0,0
2022-07-18,106.69000244140625,106.2699966430664,79.72049713134766,1919,19.61,14.65,12.6,950.0,371.86,7.2,0.0763,0.9413,1,0,0
2022-07-19,104.76000213623047,107.3499984741211,80.0302963256836,1952,22.37,17.77,15.1,950.0,391.13,6.9,0.08,0.9184,1,0,0
2022-07-20,104.51000213623047,106.91999816894531,79.85590362548828,1932,23.52,18.21,15.87,950.0,398.35,6.3,0.0814,0.9564,1,0,0
2022-07-21,105.2699966430664,103.86000061035156,80.00340270996094,1851,22.47,16.61,14.79,946.57,397.98,6.2,0.0805,0.9317,1,0,0
2022-07-22,105.38999938964844,103.19999694824219,79.7759017944336,1815,21.39,15.46,13.7,935.28,406.69,6.3,0.0835,0.8805,1,0,0
2022-07-23,105.38999938964844,103.19999694824219,79.7759017944336,1763,20.52,15.43,14.08,914.81,369.01,6.8,0.0753,0.932,1,0,0
2022-07-24,105.38999938964844,103.19999694824219,79.7759017944336,1749,21.46,16.2,14.57,940.43,406.28,6.4,0.0794,0.9175,1,0,0
2022-07-25,105.41999816894531,105.1500015258789,79.87680053710938,1760,20.15,15.56,14.08,950.0,377.43,9.5,0.0765,0.8978,1,0,0
2022-07-26,106.01000213623047,104.4000015258789,79.72250366210938,1790,21.42,16.01,14.22,937.09,374.28,6.7,0.0788,0.9392,1,0,0
2022-07-27,106.23999786376953,106.62000274658203,79.84120178222656,1811,21.63,16.69,14.13,946.11,386.94,6.1,0.0791,0.9138,1,0,0
2022-07-28,106.88999938964844,107.13999938964844,79.84739685058594,1804,22.03,17.71,15.51,950.0,379.02,7.6,0.0837,0.9123,1,0,0
2022-07-29,107.22000122070312,110.01000213623047,79.57150268554688,1843,23.7,18.42,16.63,950.0,393.34,6.5,0.079,0.9271,1,0,0
2022-07-30,107.22000122070312,110.01000213623047,79.57150268554688,1782,21.44,16.27,14.3,950.0,376.15,7.3,0.0789,0.9365,1,0,0
2022-07-31,107.22000122070312,110.01000213623047,79.57150268554688,1783,20.7,15.64,13.96,950.0,386.96,6.4,0.0811,0.9211,1,0,0
2022-08-01,114.3499984741211,100.02999877929688,79.1948013305664,1717,20.3,15.25,13.29,903.36,391.51,7.0,0.079,0.9179,1,0,0
2022-08-02,113.36000061035156,100.54000091552734,78.95570373535156,1679,18.69,14.79,12.6,932.59,378.26,7.8,0.0827,0.9055,1,0,0
2022-08-03,110.11000061035156,96.77999877929688,78.60449981689453,1673,19.34,14.38,12.61,891.05,372.65,9.2,0.0804,0.9327,1,0,0
2022-08-04,107.02999877929688,94.12000274658203,79.11830139160156,1655,19.34,14.72,13.08,863.29,370.15,6.4,0.0807,0.917,1,0,0
2022-08-05,109.19999694824219,94.91999816894531,79.15489959716797,1646,19.21,14.63,12.61,881.88,379.61,6.5,0.0753,0.9115,1,0,0
2022-08-06,109.19999694824219,94.91999816894531,79.15489959716797,1657,19.79,14.79,12.92,865.99,351.35,6.7,0.083,0.91,1,0,0
2022-08-07,109.19999694824219,94.91999816894531,79.15489959716797,1709,19.28,13.97,11.92,893.77,373.75,9.1,0.0777,0.9324,1,0,0
2022-08-08,110.37999725341797,96.6500015258789,79.41059875488281,1723,20.96,16.09,14.61,904.68,368.52,8.8,0.079,0.9135,1,0,0
2022-08-09,109.8499984741211,96.30999755859375,79.60189819335938,1722,20.03,15.19,13.25,880.35,372.04,6.1,0.0777,0.9328,1,0,0
2022-08-10,109.62999725341797,97.4000015258789,79.57839965820312,1714,20.0,15.45,14.18,886.4,382.48,6.2,0.0769,0.9101,1,0,0
2022-08-11,110.41000366210938,99.5999984741211,79.0978012084961,1706,19.76,14.75,13.59,878.65,363.7,6.8,0.0766,0.9277,1,0,0
2022-08-12,109.70999908447266,98.1500015258789,79.61399841308594,1711,20.1,15.89,13.95,881.66,362.92,6.1,0.0792,0.9201,1,0,0
2022-08-13,109.70999908447266,98.1500015258789,79.61399841308594,1685,20.47,15.12,12.9,883.37,353.7,6.5,0.075,0.9019,1,0,0
2022-08-14,109.70999908447266,98.1500015258789,79.61399841308594,1682,19.08,15.36,12.68,901.06,367.56,6.2,0.0785,0.9148,1,0,0
2022-08-15,107.5999984741211,95.0999984741211,79.62760162353516,1642,18.89,13.48,11.27,873.17,380.51,7.2,0.081,0.8819,1,0,0
2022-08-16,107.37000274658203,92.33999633789062,79.55290222167969,1628,18.96,14.63,12.32,840.71,361.73,9.6,0.0802,0.9031,1,0,0
2022-08-17,105.51000213623047,93.6500015258789,79.14600372314453,1642,18.24,14.1,12.96,863.08,350.38,12.9,0.0798,0.8911,1,0,0
2022-08-18,106.05000305175781,96.58999633789062,79.35970306396484,1688,19.02,14.06,12.42,894.07,363.66,6.6,0.0771,0.9462,1,0,0
2022-08-19,105.63999938964844,96.72000122070312,79.7667007446289,1672,19.19,14.8,13.18,895.29,353.59,7.1,0.0757,0.8922,1,0,0
2022-08-20,105.63999938964844,96.72000122070312,79.7667007446289,1661,20.19,15.98,13.17,866.16,357.21,8.3,0.081,0.9542,1,0,0
2022-08-21,105.63999938964844,96.72000122070312,79.7667007446289,1633,19.53,13.73,11.6,887.42,372.35,6.1,0.078,0.9221,1,0,0
2022-08-22,105.5199966430664,96.4800033569336,79.91790008544922,1616,19.35,14.96,13.52,870.6,356.29,7.4,0.0787,0.9061,1,0,0
2022-08-23,105.56999969482422,100.22000122070312,79.88379669189453,1652,20.21,14.11,12.53,925.43,384.8,6.6,0.0785,0.9272,1,0,0
2022-08-24,105.55000305175781,101.22000122070312,79.85449981689453,1675,19.57,14.39,12.6,931.35,374.45,6.3,0.0802,0.9062,1,0,0
2022-08-25,105.3499984741211,99.33999633789062,79.79679870605469,1634,19.68,15.77,14.1,897.39,373.08,6.6,0.0825,0.8933,1,0,0
2022-08-26,105.48999786376953,100.98999786376953,79.88289642333984,1665,19.5,14.53,13.44,911.06,372.0,6.1,0.0817,0.9167,1,0,0
2022-08-27,105.48999786376953,100.98999786376953,79.88289642333984,1696,19.96,14.58,12.74,914.72,382.51,7.4,0.0741,0.927,1,0,0
2022-08-28,105.48999786376953,100.98999786376953,79.88289642333984,1703,19.3,14.57,12.85,893.22,382.61,6.3,0.0782,0.9359,1,0,0
2022-08-29,105.27999877929688,105.08999633789062,79.95909881591797,1779,18.39,15.01,13.29,950.0,384.15,6.4,0.0761,0.9268,1,0,0
2022-08-30,104.91999816894531,99.30999755859375,79.96790313720703,1711,19.61,13.99,13.27,904.67,377.56,6.2,0.0807,0.9091,1,0,0
2022-08-31,104.76000213623047,96.48999786376953,79.68229675292969,1654,20.41,14.99,12.35,898.91,365.47,8.4,0.0788,0.9359,1,0,0
2022-09-01,96.29000091552734,92.36000061035156,79.54879760742188,1574,19.39,15.49,13.9,843.82,361.74,6.8,0.08,0.9299,1,0,0
2022-09-02,95.55000305175781,93.0199966430664,79.716796875,1613,19.65,15.86,13.91,854.41,353.48,7.0,0.078,0.9178,1,0,0
2022-09-03,95.55000305175781,93.0199966430664,79.716796875,1627,19.93,15.1,13.51,843.76,356.88,7.0,0.0767,0.9324,1,0,0
2022-09-04,95.55000305175781,93.0199966430664,79.716796875,1623,18.98,13.81,11.89,849.79,354.11,6.6,0.077,0.9469,1,0,0
2022-09-05,95.55000305175781,93.0199966430664,79.72450256347656,1627,19.08,15.55,13.66,847.65,352.29,6.3,0.0756,0.9061,1,0,0
2022-09-06,97.44000244140625,92.83000183105469,79.78299713134766,1595,18.23,14.65,13.18,872.4,350.82,7.6,0.0762,0.8997,1,0,0
2022-09-07,97.19000244140625,88.0,79.89510345458984,1615,18.38,14.31,13.84,816.66,354.99,6.2,0.0757,0.9052,1,0,0
2022-09-08,98.37000274658203,89.1500015258789,79.6498031616211,1626,19.22,14.2,12.82,834.96,365.85,6.1,0.0766,0.894,1,0,0
2022-09-09,100.20999908447266,92.83999633789062,79.706298828125,1656,19.99,15.17,13.01,855.95,371.1,7.5,0.0765,0.9241,1,0,0
2022-09-10,100.20999908447266,92.83999633789062,79.706298828125,1672,19.0,14.36,12.47,845.28,346.82,6.3,0.0794,0.8916,1,0,0
2022-09-11,100.20999908447266,92.83999633789062,79.706298828125,1682,18.8,14.45,12.53,858.5,372.28,6.4,0.0794,0.935,1,0,0
2022-09-12,101.41000366210938,94.0,79.65579986572266,1695,19.27,15.37,12.81,876.21,358.66,6.8,0.0794,0.9064,1,0,0
2022-09-13,101.43000030517578,93.16999816894531,79.35530090332031,1667,19.55,15.3,13.33,848.44,366.62,6.7,0.081,0.9359,1,0,0
2022-09-14,100.43000030517578,94.0999984741211,79.60240173339844,1684,18.04,13.17,11.88,879.46,352.35,7.5,0.0785,0.8778,1,0,0
2022-09-15,100.38999938964844,90.83999633789062,79.45369720458984,1703,17.32,13.85,11.68,835.66,357.91,7.2,0.077,0.911,1,0,0
2022-09-16,99.26000213623047,91.3499984741211,79.8490982055664,1740,18.94,14.55,13.22,843.8,359.72,7.2,0.083,0.8986,1,0,0
2022-09-17,99.26000213623047,91.3499984741211,79.8490982055664,1778,18.61,14.49,12.95,855.96,341.73,7.5,0.0804,0.9396,1,0,0
2022-09-18,99.26000213623047,91.3499984741211,79.8490982055664,1764,19.09,15.24,13.12,841.63,362.66,6.4,0.0789,0.944,1,0,0
2022-09-19,98.98999786376953,92.0,79.68949890136719,1743,19.28,14.1,12.35,854.81,370.85,6.5,0.0787,0.8829,1,0,0
2022-09-20,98.80000305175781,90.62000274658203,79.7074966430664,1728,18.9,14.35,13.27,840.47,353.46,6.7,0.0791,0.9306,1,0,0
2022-09-21,98.6500015258789,89.83000183105469,79.76270294189453,1722,20.35,15.2,13.67,840.01,367.54,6.4,0.0781,0.9334,1,0,0
2022-09-22,98.83000183105469,90.45999908447266,80.05069732666016,1754,19.65,14.15,12.46,814.5,353.09,11.0,0.0788,0.9234,1,0,0
2022-09-23,98.88999938964844,86.1500015258789,81.06220245361328,1676,19.02,14.63,12.78,789.52,357.05,8.0,0.0795,0.9247,1,0,0
2022-09-24,98.88999938964844,86.1500015258789,81.06220245361328,1714,19.48,16.06,14.16,818.87,326.37,6.2,0.0771,0.9249,1,0,0
2022-09-25,98.88999938964844,86.1500015258789,81.06220245361328,1709,18.04,12.79,11.05,823.93,372.75,6.0,0.0752,0.93,1,0,0
2022-09-26,99.01000213623047,84.05999755859375,81.25479888916016,1681,19.54,14.83,12.21,785.23,360.45,6.1,0.0743,0.8996,1,0,0
2022-09-27,98.70999908447266,86.2699966430664,81.61579895019531,1673,18.69,14.52,13.59,809.43,345.78,6.3,0.0803,0.9338,1,0,0
2022-09-28,98.5199966430664,89.31999969482422,81.72460174560547,1656,19.31,14.74,13.03,838.25,333.37,6.1,0.0753,0.9183,1,0,0
2022-09-29,98.41999816894531,88.48999786376953,81.42870330810547,1670,17.96,13.59,12.12,836.95,354.67,6.9,0.0794,0.9179,1,0,0
2022-09-30,98.30999755859375,87.95999908447266,81.48059844970703,1667,17.54,12.68,11.14,800.41,336.49,8.3,0.0761,0.9241,1,0,0
2022-10-01,98.30999755859375,87.95999908447266,81.48059844970703,1635,19.26,14.75,12.69,814.11,355.37,6.6,0.0762,0.8954,0,0,1
2022-10-02,98.30999755859375,87.95999908447266,81.48059844970703,1603,18.73,13.86,12.12,820.76,355.04,5.3,0.077,0.8901,0,0,1
2022-10-03,94.22000122070312,88.86000061035156,81.52130126953125,1602,17.73,12.38,10.25,839.78,340.41,5.6,0.0788,0.9116,0,0,1
2022-10-04,95.20999908447266,91.80000305175781,81.49500274658203,1667,18.24,14.46,13.64,882.88,366.04,5.9,0.0758,0.9387,0,0,1
2022-10-05,95.26000213623047,93.37000274658203,81.46549987792969,1674,19.94,15.63,13.26,861.67,365.27,7.0,0.0772,0.898,0,0,1
2022-10-06,95.45999908447266,94.41999816894531,81.6488037109375,1645,17.97,13.68,11.63,855.21,368.66,7.2,0.0783,0.9175,0,0,1
2022-10-07,95.62000274658203,97.91999816894531,82.3489990234375,1668,20.5,15.69,13.63,902.58,364.34,7.9,0.076,0.9048,0,0,1
2022-10-08,95.62000274658203,97.91999816894531,82.3489990234375,1662,18.44,14.55,13.32,913.61,350.1,5.9,0.0812,0.9026,0,0,1
2022-10-09,95.62000274658203,97.91999816894531,82.3489990234375,1595,19.3,14.78,13.01,899.05,374.03,6.4,0.0749,0.9207,0,0,1
2022-10-10,97.3499984741211,96.19000244140625,82.8322982788086,1581,18.38,14.42,12.2,874.19,359.99,5.1,0.0779,0.9241,0,0,1
2022-10-11,96.97000122070312,94.29000091552734,82.42070007324219,1561,18.94,14.25,13.04,882.64,345.72,6.0,0.0809,0.9002,0,0,1
2022-10-12,96.12999725341797,92.44999694824219,82.2739028930664,1565,17.98,14.32,12.89,865.62,369.87,5.3,0.0757,0.933,0,0,1
2022-10-13,95.4000015258789,94.56999969482422,82.19999694824219,1629,18.73,14.4,12.89,860.89,380.09,5.7,0.0781,0.9206,0,0,1
2022-10-14,95.93000030517578,91.62999725341797,82.19210052490234,1635,18.81,14.39,12.95,856.22,354.59,6.2,0.0786,0.9109,0,0,1
2022-10-15,95.93000030517578,91.62999725341797,82.19210052490234,1630,17.96,13.01,12.41,863.62,376.59,5.4,0.0767,0.9195,0,0,1
2022-10-16,95.93000030517578,91.62999725341797,82.19210052490234,1604,19.21,14.74,13.85,865.83,355.92,5.1,0.0781,0.944,0,0,1
2022-10-17,94.93000030517578,91.62000274658203,82.41280364990234,1670,18.58,13.7,11.78,850.78,350.58,5.0,0.0794,0.927,0,0,1
2022-10-18,95.20999908447266,90.02999877929688,82.1947021484375,1660,18.7,13.89,12.87,835.62,345.87,5.0,0.0773,0.9049,0,0,1
2022-10-19,94.86000061035156,92.41000366210938,82.2863998413086,1682,18.31,13.51,12.04,872.09,371.9,5.0,0.0798,0.9158,0,0,1
2022-10-20,94.76000213623047,92.37999725341797,82.99700164794922,1683,17.07,12.44,11.15,842.62,347.62,5.1,0.079,0.9181,0,0,1
2022-10-21,94.86000061035156,93.5,82.82569885253906,1699,19.1,15.58,13.03,870.62,364.52,5.3,0.0771,0.9266,0,0,1
2022-10-22,94.86000061035156,93.5,82.82569885253906,1697,21.18,16.76,14.68,848.91,351.57,5.3,0.0805,0.9202,0,0,1
2022-10-23,94.86000061035156,93.5,82.82569885253906,1685,19.82,16.02,13.77,878.14,352.56,10.2,0.0767,0.9446,0,0,1
2022-10-24,94.51000213623047,93.26000213623047,82.54129791259766,1672,19.11,13.91,12.57,860.5,366.9,5.4,0.0799,0.9123,0,0,1
2022-10-25,94.61000061035156,93.5199966430664,82.7614974975586,1676,18.96,14.45,13.14,880.72,353.25,5.2,0.0768,0.8899,0,0,1
2022-10-26,93.55999755859375,95.69000244140625,82.44529724121094,1682,19.31,14.03,11.52,887.3,355.62,5.9,0.0776,0.9193,0,0,1
2022-10-27,92.80999755859375,96.95999908447266,82.04959869384766,1677,19.77,14.68,12.91,876.04,372.45,7.3,0.0779,0.9093,0,0,1
2022-10-28,93.01000213623047,95.7699966430664,82.44249725341797,1673,18.33,13.47,12.3,899.09,375.43,6.4,0.0788,0.8932,0,0,1
2022-10-29,93.01000213623047,95.7699966430664,82.44249725341797,1669,20.15,15.93,13.94,900.61,365.91,5.4,0.0733,0.9051,0,0,1
2022-10-30,93.01000213623047,95.7699966430664,82.44249725341797,1710,20.07,15.06,13.54,892.58,352.91,6.0,0.0791,0.9116,0,0,1
2022-10-31,92.43000030517578,94.83000183105469,82.23919677734375,1639,19.65,15.47,13.75,865.96,352.6,6.5,0.0779,0.9317,0,0,1
2022-11-01,80.02999877929688,94.6500015258789,82.72899627685547,1668,19.6,15.2,13.51,870.11,350.79,6.6,0.0787,0.8934,0,0,1
2022-11-02,82.0999984741211,96.16000366210938,82.68450164794922,1715,19.6,16.05,14.02,886.6,356.71,6.3,0.0791,0.9224,0,0,1
2022-11-03,83.37000274658203,94.66999816894531,82.88839721679688,1654,19.73,14.26,12.06,865.49,342.15,7.5,0.0789,0.9484,0,0,1
2022-11-04,85.16000366210938,98.56999969482422,82.68180084228516,1680,19.98,15.81,13.46,922.83,366.18,7.4,0.0741,0.9134,0,0,1
2022-11-05,85.16000366210938,98.56999969482422,82.68180084228516,1674,19.21,15.17,13.63,904.25,359.81,6.0,0.076,0.9127,0,0,1
2022-11-06,85.16000366210938,98.56999969482422,82.68180084228516,1643,18.87,13.85,12.2,870.08,341.79,5.7,0.0787,0.9256,0,0,1
2022-11-07,87.13999938964844,97.91999816894531,81.9749984741211,1622,19.29,15.16,13.29,901.83,349.87,6.2,0.0785,0.9219,0,0,1
2022-11-08,85.33000183105469,95.36000061035156,81.82599639892578,1577,20.11,15.45,13.43,874.81,349.2,7.0,0.0765,0.9338,0,0,1
2022-11-09,87.51000213623047,92.6500015258789,81.40519714355469,1603,17.93,13.51,11.77,858.23,350.75,5.0,0.0795,0.9109,0,0,1
2022-11-10,88.19000244140625,93.66999816894531,81.34380340576172,1639,18.0,13.27,12.1,862.18,372.31,10.8,0.0775,0.9252,0,0,1
2022-11-11,90.79000091552734,95.98999786376953,80.48290252685547,1693,19.72,14.63,12.74,893.29,360.84,5.2,0.0798,0.9272,0,0,1
2022-11-12,90.79000091552734,95.98999786376953,80.48290252685547,1715,19.76,16.04,13.58,897.04,350.05,5.8,0.0804,0.9121,0,0,1
2022-11-13,90.79000091552734,95.98999786376953,80.48290252685547,1691,19.74,15.0,13.5,887.0,360.67,7.5,0.0786,0.9147,0,0,1
2022-11-14,92.08999633789062,93.13999938964844,80.49700164794922,1659,19.53,15.23,13.32,858.64,351.44,5.3,0.0791,0.9151,0,0,1
2022-11-15,92.29000091552734,93.86000061035156,80.99199676513672,1681,19.32,14.29,12.59,867.5,359.41,5.8,0.0768,0.8975,0,0,1
2022-11-16,92.33999633789062,92.86000061035156,81.07140350341797,1647,20.48,15.17,13.99,860.9,360.5,5.2,0.0798,0.9091,0,0,1
2022-11-17,93.08999633789062,89.77999877929688,81.49530029296875,1645,17.89,14.14,12.43,828.46,362.62,5.6,0.0784,0.9373,0,0,1
2022-11-18,92.88999938964844,87.62000274658203,81.52490234375,1626,18.34,13.26,11.78,829.2,346.92,5.2,0.0774,0.9298,0,0,1
2022-11-19,92.88999938964844,87.62000274658203,81.52490234375,1621,18.91,14.16,11.99,827.78,363.55,5.5,0.0755,0.9053,0,0,1
2022-11-20,92.88999938964844,87.62000274658203,81.52490234375,1644,17.82,13.56,11.84,840.74,356.24,5.6,0.077,0.9146,0,0,1
2022-11-21,91.54000091552734,87.44999694824219,81.5198974609375,1658,19.09,14.56,13.06,836.07,339.02,11.0,0.0757,0.9298,0,0,1
2022-11-22,91.44999694824219,88.36000061035156,81.72769927978516,1661,20.63,15.59,13.1,819.45,369.51,11.3,0.0794,0.922,0,0,1
2022-11-23,91.94000244140625,85.41000366210938,81.71499633789062,1671,19.27,14.84,13.14,815.9,346.55,5.1,0.0803,0.9277,0,0,1
2022-11-24,91.94000244140625,85.41000366210938,81.63289642333984,1649,19.34,15.04,13.28,794.64,334.93,6.6,0.0797,0.923,0,0,1
2022-11-25,92.73999786376953,83.62999725341797,81.65540313720703,1655,18.13,14.15,12.47,801.36,357.62,5.1,0.0829,0.9184,0,0,1
2022-11-26,92.73999786376953,83.62999725341797,81.65540313720703,1675,18.78,13.78,12.54,786.81,361.87,5.0,0.0769,0.9133,0,0,1
2022-11-27,92.73999786376953,83.62999725341797,81.65540313720703,1673,18.98,14.28,12.7,780.73,340.76,5.1,0.0791,0.8978,0,0,1
2022-11-28,93.04000091552734,83.19000244140625,81.6697006225586,1683,19.08,15.1,13.88,793.14,335.57,9.0,0.0755,0.9265,0,0,1
2022-11-29,92.9000015258789,83.02999877929688,81.65029907226562,1655,20.22,15.81,13.52,756.52,338.56,8.4,0.0774,0.9118,0,0,1
2022-11-30,93.25,85.43000030517578,81.63089752197266,1703,20.03,14.54,12.85,785.19,351.24,5.3,0.0749,0.892,0,0,1
2022-12-01,103.0999984741211,86.87999725341797,81.3052978515625,1715,18.84,14.49,12.78,814.7,364.96,5.2,0.079,0.909,0,0,1
2022-12-02,107.44000244140625,85.56999969482422,81.16220092773438,1697,19.8,14.06,11.95,808.22,358.52,5.3,0.0771,0.9294,0,0,1
2022-12-03,107.44000244140625,85.56999969482422,81.16220092773438,1729,20.2,15.38,13.92,802.8,353.84,5.9,0.0737,0.8889,0,0,1
2022-12-04,107.44000244140625,85.56999969482422,81.16220092773438,1716,20.66,16.65,15.58,788.27,367.8,6.0,0.0764,0.9018,0,0,1
2022-12-05,107.68000030517578,82.68000030517578,81.42250061035156,1664,20.63,15.2,13.37,776.23,345.5,5.3,0.0814,0.9175,0,0,1
2022-12-06,108.48999786376953,79.3499984741211,81.89900207519531,1604,18.11,13.35,11.95,766.33,354.43,6.7,0.0786,0.9346,0,0,1
2022-12-07,107.08999633789062,77.16999816894531,82.37220001220703,1607,18.23,14.24,12.57,752.64,337.13,5.4,0.0793,0.9286,0,0,1
2022-12-08,109.48999786376953,76.1500015258789,82.25350189208984,1573,17.67,12.66,10.86,737.98,344.23,8.1,0.078,0.935,0,0,1
2022-12-09,110.4800033569336,76.0999984741211,82.2791976928711,1622,18.78,13.96,11.56,751.69,339.3,6.3,0.0774,0.9172,0,0,1
2022-12-10,110.4800033569336,76.0999984741211,82.2791976928711,1575,19.1,14.81,12.75,742.58,339.88,5.7,0.0778,0.9094,0,0,1
2022-12-11,110.4800033569336,76.0999984741211,82.2791976928711,1624,19.81,14.74,12.41,728.84,336.66,6.9,0.0782,0.9268,0,0,1
2022-12-12,109.47000122070312,77.98999786376953,82.41300201416016,1650,19.21,14.48,13.42,748.3,356.12,7.0,0.0755,0.9015,0,0,1
2022-12-13,109.2300033569336,80.68000030517578,82.64469909667969,1675,19.28,15.02,13.17,754.55,339.23,5.4,0.0792,0.9012,0,0,1
2022-12-14,109.26000213623047,82.69999694824219,82.40249633789062,1683,19.81,15.27,13.3,784.89,342.2,5.5,0.0799,0.8988,0,0,1
2022-12-15,110.5,81.20999908447266,82.50800323486328,1687,19.01,14.58,13.19,788.61,369.32,8.3,0.0773,0.9326,0,0,1
2022-12-16,110.2699966430664,79.04000091552734,82.85790252685547,1675,21.22,15.96,13.6,767.59,354.5,5.2,0.0766,0.9033,0,0,1
2022-12-17,110.2699966430664,79.04000091552734,82.85790252685547,1709,18.47,14.22,12.21,776.19,320.87,5.1,0.0762,0.932,0,0,1
2022-12-18,110.2699966430664,79.04000091552734,82.85790252685547,1717,19.98,15.12,13.33,755.73,339.07,5.7,0.0812,0.9195,0,0,1
2022-12-19,109.55999755859375,79.80000305175781,82.72599792480469,1733,21.59,16.64,15.05,781.09,327.32,6.9,0.0767,0.9343,0,0,1
2022-12-20,109.86000061035156,79.98999786376953,82.58190155029297,1732,20.01,14.96,13.37,764.01,336.39,6.8,0.0789,0.9012,0,0,1
2022-12-21,110.73999786376953,82.19999694824219,82.63690185546875,1754,20.09,15.18,13.46,800.18,318.36,8.0,0.0772,0.9091,0,0,1
2022-12-22,110.43000030517578,80.9800033569336,82.87860107421875,1758,19.95,14.67,12.94,773.32,346.36,5.9,0.0771,0.9254,0,0,1
2022-12-23,110.4800033569336,83.91999816894531,82.8749008178711,1745,20.16,15.3,13.62,803.62,340.75,5.1,0.0761,0.9117,0,0,1
2022-12-24,110.4800033569336,83.91999816894531,82.8749008178711,1718,21.28,15.77,13.96,812.83,352.77,6.1,0.0756,0.8799,0,0,1
2022-12-25,110.4800033569336,83.91999816894531,82.8749008178711,1742,18.57,13.56,11.52,792.81,335.92,6.8,0.0791,0.8975,0,0,1
2022-12-26,110.4800033569336,83.91999816894531,82.6041030883789,1753,21.66,16.59,14.62,797.75,353.0,5.1,0.0756,0.9017,0,0,1
2022-12-27,110.63999938964844,84.33000183105469,82.90290069580078,1758,19.36,14.82,12.61,813.61,348.73,5.2,0.0785,0.903,0,0,1
2022-12-28,110.80000305175781,83.26000213623047,82.7761001586914,1756,20.26,15.79,13.93,788.7,366.39,5.0,0.0777,0.9288,0,0,1
2022-12-29,110.9800033569336,82.26000213623047,82.85199737548828,1763,20.15,15.1,13.1,767.12,364.09,6.1,0.079,0.9238,0,0,1
2022-12-30,111.27999877929688,85.91000366210938,82.83509826660156,1785,21.26,16.36,15.41,835.44,363.49,7.6,0.0763,0.9219,0,0,1
2022-12-31,111.27999877929688,85.91000366210938,82.83509826660156,1771,19.46,15.06,13.24,804.08,352.37,6.3,0.0797,0.9492,0,0,1
2023-01-01,111.27999877929688,85.91000366210938,82.83509826660156,1783,21.2,16.33,13.81,811.63,375.49,7.3,0.0772,0.9371,0,0,0
2023-01-02,111.27999877929688,85.91000366210938,82.74980163574219,1764,22.37,16.59,14.55,823.59,340.1,2.6,0.0827,0.9308,0,0,0
2023-01-03,117.79000091552734,82.0999984741211,82.70600128173828,1750,19.45,14.86,13.28,774.49,339.79,5.3,0.0743,0.8959,0,0,0
2023-01-04,115.3499984741211,77.83999633789062,82.78569793701172,1680,20.16,15.5,14.31,738.47,345.13,4.5,0.0823,0.9169,0,0,0
2023-01-05,114.97000122070312,78.69000244140625,82.66649627685547,1719,19.76,15.02,12.98,759.84,369.56,3.0,0.0772,0.9218,0,0,0
2023-01-06,116.56999969482422,78.56999969482422,82.64520263671875,1736,20.74,14.72,12.32,734.4,345.77,6.9,0.0779,0.9116,0,0,0
2023-01-07,116.56999969482422,78.56999969482422,82.64520263671875,1748,20.51,15.67,14.12,752.46,345.96,2.9,0.0762,0.9439,0,0,0
2023-01-08,116.56999969482422,78.56999969482422,82.64520263671875,1779,20.18,16.44,13.91,758.86,333.38,5.1,0.0743,0.9201,0,0,0
2023-01-09,117.41000366210938,79.6500015258789,82.27339935302734,1835,21.46,16.13,14.02,760.6,359.38,5.1,0.0764,0.9027,0,0,0
2023-01-10,119.66000366210938,80.0999984741211,82.18009948730469,1871,22.76,16.93,14.8,748.61,361.48,4.2,0.0767,0.9074,0,0,0
2023-01-11,121.0199966430664,82.66999816894531,81.63739776611328,1851,21.18,16.28,14.3,805.1,364.51,3.5,0.0778,0.9559,0,0,0
2023-01-12,121.26000213623047,84.02999877929688,81.63179779052734,1836,21.91,16.81,15.07,797.18,352.51,2.7,0.0796,0.9149,0,0,0
2023-01-13,122.33000183105469,85.27999877929688,81.1156005859375,1837,20.38,16.09,13.89,822.28,354.25,3.4,0.0778,0.8901,0,0,0
2023-01-14,122.33000183105469,85.27999877929688,81.1156005859375,1844,20.71,15.11,13.19,801.98,348.39,3.0,0.0778,0.9125,0,0,0
2023-01-15,122.33000183105469,85.27999877929688,81.1156005859375,1863,21.98,17.07,15.02,794.54,362.16,4.4,0.0781,0.8947,0,0,0
2023-01-16,122.33000183105469,85.27999877929688,81.27799987792969,1851,22.75,17.59,15.54,808.33,350.51,4.2,0.0738,0.9355,0,0,0
2023-01-17,120.94999694824219,85.91999816894531,81.65260314941406,1866,21.98,16.63,14.67,807.2,349.68,5.4,0.074,0.8929,0,0,0
2023-01-18,121.19000244140625,84.9800033569336,81.52549743652344,1846,21.32,16.37,14.58,788.77,355.95,2.5,0.0743,0.9005,0,0,0
2023-01-19,121.79000091552734,86.16000366210938,81.43599700927734,1846,21.65,16.97,15.27,829.19,357.42,4.5,0.0766,0.9216,0,0,0
2023-01-20,122.16000366210938,87.62999725341797,81.23979949951172,1829,20.64,16.12,14.34,814.86,359.36,5.8,0.0736,0.9376,0,0,0
2023-01-21,122.16000366210938,87.62999725341797,81.23979949951172,1811,22.04,16.18,14.42,800.24,369.41,4.4,0.0759,0.9193,0,0,0
2023-01-22,122.16000366210938,87.62999725341797,81.23979949951172,1783,22.13,17.23,14.53,838.27,365.53,2.7,0.0745,0.9006,0,0,0
2023-01-23,121.94000244140625,88.19000244140625,80.97599792480469,1769,21.04,15.96,14.06,820.38,362.57,2.6,0.0782,0.9217,0,0,0
2023-01-24,121.97000122070312,86.12999725341797,81.48799896240234,1785,21.05,16.03,14.3,804.04,364.21,2.5,0.0781,0.9125,0,0,0
2023-01-25,121.93000030517578,86.12000274658203,81.60189819335938,1767,21.56,16.42,14.74,790.07,352.42,3.7,0.0767,0.9359,0,0,0
2023-01-26,122.48999786376953,87.47000122070312,81.50270080566406,1849,21.54,16.3,14.07,842.05,365.75,3.7,0.0734,0.9345,0,0,0
2023-01-27,122.69999694824219,86.66000366210938,81.44509887695312,1861,21.89,17.23,14.9,799.74,365.12,7.7,0.0768,0.914,0,0,0
2023-01-28,122.69999694824219,86.66000366210938,81.44509887695312,1871,23.7,17.97,15.58,815.92,348.58,3.1,0.0779,0.9341,0,0,0
2023-01-29,122.69999694824219,86.66000366210938,81.44509887695312,1855,21.76,15.98,14.28,826.17,373.57,3.0,0.0788,0.9259,0,0,0
2023-01-30,123.08000183105469,84.9000015258789,81.50800323486328,1864,21.67,16.27,14.73,807.38,352.38,3.7,0.0807,0.9426,0,0,0
2023-01-31,123.37000274658203,84.48999786376953,81.57990264892578,1852,21.38,16.34,14.22,798.6,361.66,4.6,0.0794,0.9328,0,0,0
2023-02-01,126.33000183105469,82.83999633789062,81.76840209960938,1847,22.42,17.65,15.9,766.8,371.7,5.8,0.0775,0.9298,0,0,0
2023-02-02,123.94999694824219,82.16999816894531,81.71029663085938,1911,22.03,17.04,15.04,772.59,366.88,4.5,0.0766,0.9436,0,0,0
2023-02-03,125.26000213623047,79.94000244140625,82.0458984375,1896,21.51,15.92,13.96,768.21,355.41,3.2,0.0757,0.9234,0,0,0
2023-02-04,125.26000213623047,79.94000244140625,82.0458984375,1930,23.29,18.94,16.58,756.51,351.44,3.7,0.0799,0.9127,0,0,0
2023-02-05,125.26000213623047,79.94000244140625,82.0458984375,1918,23.33,17.86,16.02,768.4,364.54,4.8,0.0775,0.9269,0,0,0
2023-02-06,124.33999633789062,80.98999786376953,82.22599792480469,1931,21.85,17.24,15.3,781.84,362.84,3.3,0.0784,0.919,0,0,0
2023-02-07,122.75,83.69000244140625,82.75499725341797,2002,21.36,16.16,15.13,805.0,353.0,2.8,0.0759,0.9358,0,0,0
2023-02-08,123.20999908447266,85.08999633789062,82.74189758300781,2002,23.73,18.3,15.76,789.0,353.61,2.7,0.0746,0.9277,0,0,0
2023-02-09,124.6500015258789,84.5,82.65950012207031,2048,22.63,17.62,15.71,825.74,340.82,2.5,0.0763,0.9343,0,0,0
2023-02-10,125.13999938964844,86.38999938964844,82.533203125,2086,24.12,18.94,16.46,822.45,366.21,4.0,0.0765,0.9115,0,0,0
2023-02-11,125.13999938964844,86.38999938964844,82.533203125,2076,21.88,17.16,14.75,813.22,363.84,2.6,0.0775,0.9368,0,0,0
2023-02-12,125.13999938964844,86.38999938964844,82.533203125,2097,24.3,18.9,16.63,826.31,376.03,2.8,0.0756,0.9106,0,0,0
2023-02-13,123.76000213623047,86.61000061035156,82.51300048828125,2128,22.82,17.19,15.18,843.24,367.76,2.9,0.0771,0.9454,0,0,0
2023-02-14,124.19999694824219,85.58000183105469,82.59739685058594,2140,24.42,18.27,17.24,790.04,376.23,3.5,0.0794,0.9458,0,0,0
2023-02-15,124.33999633789062,85.37999725341797,82.86759948730469,2104,23.65,18.14,15.89,803.13,355.7,3.1,0.0737,0.9354,0,0,0
2023-02-16,124.69000244140625,85.13999938964844,82.73770141601562,2088,22.8,17.79,15.2,775.54,373.91,3.8,0.0728,0.9343,0,0,0
2023-02-17,124.94000244140625,83.0,82.69529724121094,2069,23.06,17.41,15.43,790.7,354.17,2.6,0.0795,0.9256,0,0,0
2023-02-18,124.94000244140625,83.0,82.69529724121094,2072,23.97,18.75,15.67,792.77,367.24,2.7,0.0741,0.92,0,0,0
2023-02-19,124.94000244140625,83.0,82.69529724121094,2091,23.63,18.69,16.41,787.92,344.88,3.3,0.0762,0.9295,0,0,0
2023-02-20,124.94000244140625,83.0,82.75800323486328,2100,24.08,17.84,15.71,780.54,361.82,3.0,0.0782,0.9597,0,0,0
2023-02-21,126.33999633789062,83.05000305175781,82.69750213623047,2071,25.05,18.62,16.7,764.16,340.53,2.9,0.0769,0.9325,0,0,0
2023-02-22,125.7699966430664,80.5999984741211,82.86119842529297,2065,22.11,16.73,15.11,775.28,353.69,2.6,0.0768,0.9086,0,0,0
2023-02-23,125.91999816894531,82.20999908447266,82.83529663085938,2097,24.91,19.09,16.6,800.06,363.27,5.2,0.0771,0.9043,0,0,0
2023-02-24,125.8499984741211,83.16000366210938,82.6178970336914,2123,23.9,17.9,15.69,782.47,355.04,3.9,0.082,0.9092,0,0,0
2023-02-25,125.8499984741211,83.16000366210938,82.6178970336914,2154,23.28,18.37,15.86,794.84,349.75,2.7,0.0805,0.9261,0,0,0
2023-02-26,125.8499984741211,83.16000366210938,82.6178970336914,2178,23.09,17.76,15.18,770.75,368.71,2.6,0.0755,0.9516,0,0,0
2023-02-27,125.73999786376953,82.44999694824219,82.91799926757812,2188,24.04,18.29,16.22,789.85,358.08,6.9,0.079,0.9176,0,0,0
2023-02-28,125.75,83.88999938964844,82.6520004272461,2201,25.07,18.34,15.63,790.19,356.39,3.9,0.0779,0.9547,0,0,0
2023-03-01,126.80000305175781,84.30999755859375,82.6353988647461,2166,24.07,17.64,15.36,788.84,362.96,3.1,0.0769,0.9349,0,0,0
2023-03-02,127.0199966430664,84.75,82.4198989868164,2184,25.51,19.53,16.79,792.09,389.7,4.0,0.0751,0.9401,0,0,0
2023-03-03,126.63999938964844,85.83000183105469,82.35569763183594,2201,23.29,16.63,14.85,804.41,376.26,4.2,0.0778,0.9402,0,0,0
2023-03-04,126.63999938964844,85.83000183105469,82.35569763183594,2211,24.51,19.13,17.55,813.72,376.35,4.3,0.0763,0.9426,0,0,0
2023-03-05,126.63999938964844,85.83000183105469,82.35569763183594,2182,23.37,17.68,15.04,793.39,369.08,3.3,0.0761,0.9266,0,0,0
2023-03-06,125.5,86.18000030517578,81.7125015258789,2161,24.58,20.3,17.12,806.93,366.23,3.2,0.0753,0.897,0,0,0
2023-03-07,127.33000183105469,83.29000091552734,81.85440063476562,2167,24.92,20.09,17.63,790.02,337.37,2.5,0.0788,0.9234,0,0,0
2023-03-08,127.37000274658203,82.66000366210938,82.07460021972656,2164,23.85,18.04,15.88,772.71,353.62,5.6,0.0753,0.9188,0,0,0
2023-03-09,129.47999572753906,81.58999633789062,81.9645004272461,2175,22.13,16.77,14.85,799.61,355.27,3.6,0.0753,0.9372,0,0,0
2023-03-10,129.44000244140625,82.77999877929688,82.01840209960938,2188,24.5,19.12,16.65,776.54,343.09,2.8,0.0784,0.9362,0,0,0
2023-03-11,129.44000244140625,82.77999877929688,82.01840209960938,2191,24.72,19.64,17.2,778.74,350.26,5.5,0.0765,0.9289,0,0,0
2023-03-12,129.44000244140625,82.77999877929688,82.01840209960938,2217,24.85,18.07,16.05,775.04,342.03,5.5,0.0765,0.96,0,0,0
2023-03-13,130.49000549316406,80.7699966430664,81.95800018310547,2191,25.3,18.33,16.55,793.63,359.07,7.9,0.0788,0.9234,0,0,0
2023-03-14,130.0399932861328,77.44999694824219,82.41739654541016,2169,23.2,17.32,14.46,754.34,362.39,5.0,0.0794,0.8989,0,0,0
2023-03-15,130.08999633789062,73.69000244140625,82.30490112304688,2129,24.24,18.71,16.32,708.91,359.66,9.8,0.0725,0.9328,0,0,0
2023-03-16,128.91000366210938,74.69999694824219,82.7156982421875,2129,24.7,19.02,16.82,740.83,353.54,2.8,0.0765,0.9488,0,0,0
2023-03-17,130.0,72.97000122070312,82.622802734375,2109,22.15,17.37,14.92,717.28,337.82,4.7,0.0739,0.9346,0,0,0
2023-03-18,130.0,72.97000122070312,82.622802734375,2116,23.87,17.54,16.13,717.96,328.13,4.6,0.0759,0.9252,0,0,0
2023-03-19,130.0,72.97000122070312,82.622802734375,2106,23.17,16.45,14.22,710.74,329.89,2.8,0.0767,0.9338,0,0,0
2023-03-20,128.25999450683594,73.79000091552734,82.53299713134766,2146,23.77,18.49,16.25,711.89,334.95,2.6,0.076,0.9591,0,0,0
2023-03-21,128.00999450683594,75.31999969482422,82.52909851074219,2137,24.13,17.92,15.99,736.15,340.9,7.2,0.0746,0.9181,0,0,0
2023-03-22,127.7300033569336,76.69000244140625,82.677001953125,2145,23.56,16.9,14.64,735.6,350.08,2.9,0.0745,0.932,0,0,0
2023-03-23,126.66000366210938,75.91000366210938,82.52580261230469,2129,23.3,17.78,14.91,758.22,339.72,5.0,0.0781,0.941,0,0,0
2023-03-24,126.01000213623047,74.98999786376953,82.26529693603516,2159,24.0,18.64,16.23,714.45,351.48,2.5,0.0797,0.9358,0,0,0
2023-03-25,126.01000213623047,74.98999786376953,82.26529693603516,2165,23.14,17.53,15.84,748.11,345.77,2.5,0.0725,0.9284,0,0,0
2023-03-26,126.01000213623047,74.98999786376953,82.26529693603516,2192,23.3,17.48,15.25,728.34,348.2,3.3,0.076,0.9267,0,0,0
2023-03-27,126.01000213623047,78.12000274658203,82.33879852294922,2181,24.77,18.75,16.16,756.21,364.19,2.8,0.0781,0.9284,0,0,0
2023-03-28,126.01000213623047,78.6500015258789,82.21489715576172,2193,23.4,17.6,15.86,766.5,341.78,3.9,0.0766,0.9411,0,0,0
2023-03-29,126.01000213623047,78.27999877929688,82.16429901123047,2213,24.95,18.29,15.96,746.23,357.21,3.5,0.0744,0.9409,0,0,0
2023-03-30,126.01000213623047,79.2699966430664,82.25540161132812,2224,24.89,18.56,16.13,771.42,354.37,2.6,0.0756,0.96,0,0,0
2023-03-31,127.05999755859375,79.7699966430664,82.10050201416016,2255,23.34,18.0,15.9,732.22,352.56,2.7,0.0772,0.9121,0,0,0
2023-04-01,127.05999755859375,79.7699966430664,82.10050201416016,2242,24.1,18.48,16.57,756.07,364.74,3.1,0.076,0.96,0,1,0
2023-04-02,127.05999755859375,79.7699966430664,82.10050201416016,2278,25.8,19.69,18.28,753.63,364.68,2.7,0.0765,0.9329,0,1,0
2023-04-03,122.19000244140625,84.93000030517578,82.18479919433594,2377,24.82,18.37,16.5,787.49,351.24,4.4,0.0765,0.9379,0,1,0
2023-04-04,120.23999786376953,84.94000244140625,82.14089965820312,2368,25.18,19.05,17.23,800.03,357.73,3.1,0.0755,0.9518,0,1,0
2023-04-05,119.66999816894531,84.98999786376953,82.11479949951172,2357,25.86,18.57,16.14,807.61,362.1,2.6,0.0782,0.9514,0,1,0
2023-04-06,119.16000366210938,85.12000274658203,81.94999694824219,2395,26.33,20.1,17.28,812.36,356.45,3.3,0.0756,0.9572,0,1,0
2023-04-07,119.16000366210938,85.12000274658203,81.831298828125,2434,25.72,20.26,17.85,806.82,365.03,2.6,0.0745,0.96,0,1,0
2023-04-08,119.16000366210938,85.12000274658203,81.831298828125,2420,25.37,18.54,16.36,795.94,361.99,2.7,0.081,0.9401,0,1,0
2023-04-09,119.16000366210938,85.12000274658203,81.831298828125,2410,26.92,20.17,17.32,808.36,377.5,2.8,0.0763,0.96,0,1,0
2023-04-10,119.75,84.18000030517578,81.88480377197266,2395,27.05,20.72,18.16,798.53,342.82,4.9,0.0713,0.9304,0,1,0
2023-04-11,121.05000305175781,85.61000061035156,81.98390197753906,2372,26.37,20.67,18.35,818.75,359.82,5.6,0.079,0.9345,0,1,0
2023-04-12,120.5,87.33000183105469,82.07009887695312,2362,25.66,19.28,17.11,829.45,354.21,4.6,0.079,0.936,0,1,0
2023-04-13,119.91999816894531,86.08999633789062,81.96060180664062,2326,24.7,18.43,16.42,811.41,367.13,3.0,0.0774,0.9296,0,1,0
2023-04-14,119.11000061035156,86.30999755859375,81.68070220947266,2308,24.58,17.7,15.69,801.89,344.76,2.9,0.0777,0.9378,0,1,0
2023-04-15,119.11000061035156,86.30999755859375,81.68070220947266,2306,25.65,19.55,17.0,804.82,364.39,3.5,0.0808,0.9503,0,1,0
2023-04-16,119.11000061035156,86.30999755859375,81.68070220947266,2311,25.59,20.47,17.81,806.05,354.63,4.0,0.0745,0.9468,0,1,0
2023-04-17,120.01000213623047,84.76000213623047,81.84480285644531,2336,26.45,20.24,17.33,797.51,351.8,8.5,0.0767,0.9287,0,1,0
2023-04-18,120.33999633789062,84.7699966430664,82.00370025634766,2310,25.69,19.51,17.88,804.58,344.89,2.7,0.0803,0.9266,0,1,0
2023-04-19,120.26000213623047,83.12000274658203,82.10790252685547,2320,23.95,18.36,16.16,797.85,352.19,2.6,0.0808,0.9245,0,1,0
2023-04-20,119.30999755859375,81.0999984741211,82.34010314941406,2297,25.78,19.59,17.15,773.85,364.08,3.9,0.0756,0.9379,0,1,0
2023-04-21,117.20999908447266,81.66000366210938,82.14089965820312,2298,24.16,17.96,15.43,778.76,352.56,4.6,0.0804,0.9129,0,1,0
2023-04-22,117.20999908447266,81.66000366210938,82.14089965820312,2313,24.73,19.21,18.08,780.29,359.09,4.7,0.078,0.9237,0,1,0
2023-04-23,117.20999908447266,81.66000366210938,82.14089965820312,2284,25.07,19.17,16.44,772.38,369.46,3.9,0.0793,0.9293,0,1,0
2023-04-24,116.76000213623047,82.7300033569336,82.05480194091797,2300,26.58,20.21,17.61,775.31,356.79,6.2,0.0779,0.9525,0,1,0
2023-04-25,117.5999984741211,80.7699966430664,81.85230255126953,2286,27.31,20.27,18.0,750.98,346.13,3.4,0.0769,0.9342,0,1,0
2023-04-26,116.70999908447266,77.69000244140625,81.9916000366211,2272,25.1,19.73,17.6,741.13,351.23,5.4,0.0807,0.9508,0,1,0
2023-04-27,116.20999908447266,78.37000274658203,81.76689910888672,2282,24.54,18.98,17.09,760.13,341.84,6.6,0.0753,0.9389,0,1,0
2023-04-28,116.13999938964844,79.54000091552734,81.76509857177734,2351,25.53,19.13,17.56,754.59,343.95,4.8,0.0801,0.9313,0,1,0
2023-04-29,116.13999938964844,79.54000091552734,81.76509857177734,2333,25.7,20.03,17.83,760.17,333.8,2.9,0.0804,0.9313,0,1,0
2023-04-30,116.13999938964844,79.54000091552734,81.76509857177734,2317,24.64,18.48,15.84,768.63,358.26,2.8,0.079,0.9197,0,1,0
2023-05-01,103.61000061035156,79.30999755859375,81.74479675292969,2297,26.2,19.52,17.07,767.59,337.27,3.5,0.0761,0.96,0,1,0
2023-05-02,106.01000213623047,75.31999969482422,81.77469635009766,2248,24.5,18.24,16.17,719.14,338.41,3.2,0.0767,0.9516,0,1,0
2023-05-03,105.4800033569336,72.33000183105469,81.77870178222656,2206,24.35,17.62,16.33,722.14,321.42,5.0,0.0737,0.9426,0,1,0
2023-05-04,103.87000274658203,72.5,81.77999877929688,2234,24.63,18.95,16.12,724.95,335.43,2.6,0.0753,0.9149,0,1,0
2023-05-05,103.55000305175781,75.30000305175781,81.71610260009766,2289,24.84,17.96,16.29,718.39,327.46,2.9,0.0775,0.9295,0,1,0
2023-05-06,103.55000305175781,75.30000305175781,81.71610260009766,2272,25.07,18.44,16.3,722.06,333.66,4.2,0.0734,0.9211,0,1,0
2023-05-07,103.55000305175781,75.30000305175781,81.71610260009766,2248,23.76,17.02,15.31,746.24,343.86,2.6,0.0756,0.9368,0,1,0
2023-05-08,107.4000015258789,77.01000213623047,81.72979736328125,2270,23.98,18.18,15.96,742.72,347.86,3.0,0.0801,0.9218,0,1,0
2023-05-09,106.05000305175781,77.44000244140625,81.78710174560547,2257,23.47,17.76,15.29,721.0,339.57,3.1,0.0759,0.9252,0,1,0
2023-05-10,106.8499984741211,76.41000366210938,82.1050033569336,2261,24.67,18.59,16.66,723.29,321.04,3.7,0.0782,0.9218,0,1,0
2023-05-11,104.80000305175781,74.9800033569336,81.9198989868164,2251,24.82,18.34,16.4,726.61,365.28,2.7,0.0773,0.9314,0,1,0
2023-05-12,105.16000366210938,74.16999816894531,82.10030364990234,2203,24.24,17.84,16.09,709.71,351.81,4.9,0.0755,0.9345,0,1,0
2023-05-13,105.16000366210938,74.16999816894531,82.10030364990234,2238,25.4,19.54,17.19,718.71,341.58,3.2,0.0758,0.9314,0,1,0
2023-05-14,105.16000366210938,74.16999816894531,82.10030364990234,2279,24.26,18.16,15.74,724.05,326.82,5.5,0.0765,0.959,0,1,0
2023-05-15,106.7699966430664,75.2300033569336,82.20030212402344,2269,24.77,18.98,16.08,748.98,335.77,3.3,0.072,0.9478,0,1,0
2023-05-16,106.83999633789062,74.91000366210938,82.2667007446289,2253,23.24,17.22,15.48,725.6,331.03,2.9,0.078,0.9234,0,1,0
2023-05-17,107.37999725341797,76.95999908447266,82.2959976196289,2272,23.98,18.32,16.29,756.99,352.51,2.7,0.0759,0.9406,0,1,0
2023-05-18,107.2699966430664,75.86000061035156,82.45030212402344,2268,24.76,19.47,16.75,753.2,340.78,2.5,0.0781,0.9251,0,1,0
2023-05-19,107.0999984741211,75.58000183105469,82.72509765625,2278,24.91,19.22,16.7,751.21,329.79,3.4,0.0769,0.93,0,1,0
2023-05-20,107.0999984741211,75.58000183105469,82.72509765625,2324,24.23,18.21,15.84,737.42,332.92,2.6,0.0757,0.9447,0,1,0
2023-05-21,107.0999984741211,75.58000183105469,82.72509765625,2316,24.35,18.63,15.8,710.44,348.84,3.1,0.0765,0.9472,0,1,0
2023-05-22,107.16000366210938,75.98999786376953,82.90480041503906,2295,23.07,17.41,14.99,742.54,354.28,3.6,0.0765,0.9277,0,1,0
2023-05-23,106.54000091552734,76.83999633789062,82.82499694824219,2263,23.84,18.12,15.49,755.82,354.47,2.9,0.079,0.9189,0,1,0
2023-05-24,105.55999755859375,78.36000061035156,82.8906021118164,2252,24.81,18.69,16.28,753.41,348.45,2.7,0.0762,0.9364,0,1,0
2023-05-25,105.5999984741211,76.26000213623047,82.71369934082031,2230,24.33,18.41,15.91,759.92,335.22,4.3,0.0766,0.9409,0,1,0
2023-05-26,105.41000366210938,76.94999694824219,82.74210357666016,2276,24.54,18.76,15.86,754.36,306.26,6.0,0.0735,0.9263,0,1,0
2023-05-27,105.41000366210938,76.94999694824219,82.74210357666016,2258,24.06,17.79,16.46,750.86,341.64,2.6,0.0759,0.9475,0,1,0
2023-05-28,105.41000366210938,76.94999694824219,82.74210357666016,2259,24.01,17.74,16.11,757.08,338.65,2.7,0.0789,0.9449,0,1,0
2023-05-29,105.41000366210938,76.94999694824219,82.57479858398438,2254,23.42,17.1,14.74,748.04,340.07,6.4,0.0768,0.9253,0,1,0
2023-05-30,105.19999694824219,73.54000091552734,82.57969665527344,2252,24.34,17.7,15.68,689.13,333.97,2.5,0.0738,0.952,0,1,0
2023-05-31,105.06999969482422,72.66000366210938,82.68389892578125,2303,24.35,17.9,15.92,706.61,318.77,7.1,0.074,0.9542,0,1,0
2023-06-01,104.5,74.27999877929688,82.66680145263672,2298,24.42,18.64,16.88,738.84,339.69,6.0,0.0745,0.96,1,0,0
2023-06-02,106.33000183105469,76.12999725341797,82.27670288085938,2295,23.64,17.52,15.09,728.34,344.32,8.5,0.0779,0.96,1,0,0
2023-06-03,106.33000183105469,76.12999725341797,82.27670288085938,2317,22.44,17.31,15.67,735.35,344.82,6.4,0.0777,0.9237,1,0,0
2023-06-04,106.33000183105469,76.12999725341797,82.27670288085938,2329,25.08,19.08,16.57,725.49,347.46,9.3,0.069,0.9515,1,0,0
2023-06-05,107.37999725341797,76.70999908447266,82.40979766845703,2374,24.07,17.31,14.7,763.69,345.53,6.5,0.0757,0.9523,1,0,0
2023-06-06,108.58999633789062,76.29000091552734,82.51119995117188,2380,23.76,18.39,16.47,759.38,335.49,7.3,0.0762,0.9341,1,0,0
2023-06-07,109.18000030517578,76.94999694824219,82.51719665527344,2372,24.96,19.37,17.56,733.44,340.22,6.1,0.074,0.9459,1,0,0
2023-06-08,111.43000030517578,75.95999908447266,82.61810302734375,2373,24.04,17.77,16.67,738.55,341.71,6.3,0.0751,0.9109,1,0,0
2023-06-09,112.95999908447266,74.79000091552734,82.48829650878906,2386,25.2,19.36,16.56,720.04,341.04,7.8,0.0785,0.911,1,0,0
2023-06-10,112.95999908447266,74.79000091552734,82.48829650878906,2401,24.91,18.5,16.56,735.59,349.94,6.9,0.0767,0.9143,1,0,0
2023-06-11,112.95999908447266,74.79000091552734,82.48829650878906,2409,24.98,19.03,16.58,734.33,346.4,9.2,0.0748,0.9461,1,0,0
2023-06-12,111.13999938964844,71.83999633789062,82.4448013305664,2406,23.18,16.98,15.26,716.33,355.22,6.7,0.0755,0.9467,1,0,0
2023-06-13,112.44999694824219,74.29000091552734,82.33719635009766,2450,25.56,18.53,15.72,728.53,360.97,8.4,0.0754,0.9376,1,0,0
2023-06-14,112.75,73.19999694824219,82.29039764404297,2470,24.84,18.69,15.94,751.78,338.25,6.7,0.0764,0.96,1,0,0
2023-06-15,112.93000030517578,75.66999816894531,82.04499816894531,2501,24.59,18.63,16.08,722.33,302.9,10.7,0.0729,0.9582,1,0,0
2023-06-16,113.0199966430664,76.61000061035156,81.9126968383789,2498,24.99,18.79,16.57,721.02,355.1,9.9,0.0745,0.9193,1,0,0
2023-06-17,113.0199966430664,76.61000061035156,81.9126968383789,2496,23.42,17.21,14.89,736.83,337.32,6.5,0.0779,0.9406,1,0,0
2023-06-18,113.0199966430664,76.61000061035156,81.9126968383789,2521,25.28,19.01,16.99,722.74,334.71,8.6,0.0756,0.9299,1,0,0
2023-06-19,113.0199966430664,76.61000061035156,81.91480255126953,2495,23.96,18.34,16.55,723.64,338.74,8.3,0.0741,0.9494,1,0,0
2023-06-20,113.08000183105469,75.9000015258789,81.98139953613281,2493,23.64,17.94,16.03,724.33,337.23,6.3,0.0741,0.9426,1,0,0
2023-06-21,112.8499984741211,77.12000274658203,81.9917984008789,2487,23.49,17.94,16.43,734.22,349.51,7.2,0.0772,0.9297,1,0,0
2023-06-22,112.8499984741211,74.13999938964844,81.94149780273438,2458,25.3,18.89,16.79,711.99,323.33,6.1,0.0747,0.96,1,0,0
2023-06-23,112.6500015258789,73.8499984741211,81.91929626464844,2482,24.0,18.83,16.08,727.54,327.59,8.2,0.0767,0.9436,1,0,0
2023-06-24,112.6500015258789,73.8499984741211,81.91929626464844,2481,25.7,18.94,17.21,715.25,341.8,6.2,0.0745,0.9365,1,0,0
2023-06-25,112.6500015258789,73.8499984741211,81.91929626464844,2477,24.0,18.48,16.02,719.17,344.59,6.1,0.0734,0.9388,1,0,0
2023-06-26,112.45999908447266,74.18000030517578,81.98480224609375,2440,22.84,17.95,16.16,734.47,345.16,6.6,0.0762,0.96,1,0,0
2023-06-27,112.5999984741211,72.26000213623047,82.00650024414062,2437,23.19,17.86,16.35,700.47,328.08,7.0,0.0755,0.9549,1,0,0
2023-06-28,112.63999938964844,74.02999877929688,81.99839782714844,2462,25.26,19.1,16.99,719.47,328.85,8.3,0.077,0.9396,1,0,0
2023-06-29,112.62000274658203,74.33999633789062,82.02649688720703,2512,24.41,18.29,15.5,729.3,334.02,10.4,0.0774,0.9289,1,0,0
2023-06-30,112.56999969482422,74.9000015258789,82.07540130615234,2503,24.04,18.79,16.17,705.72,342.29,6.7,0.0749,0.9309,1,0,0
2023-07-01,112.56999969482422,74.9000015258789,82.07540130615234,2503,24.58,17.97,16.34,700.4,354.75,6.1,0.0763,0.9362,1,0,0
2023-07-02,112.56999969482422,74.9000015258789,82.07540130615234,2503,24.83,18.39,16.12,733.17,319.42,7.7,0.0749,0.951,1,0,0
2023-07-03,110.87000274658203,74.6500015258789,82.09629821777344,2535,25.47,19.16,16.89,733.09,336.29,7.0,0.0769,0.9558,1,0,0
2023-07-04,110.87000274658203,74.6500015258789,81.95010375976562,2527,25.66,20.12,18.01,751.96,325.17,6.7,0.0761,0.9334,1,0,0
2023-07-05,111.83999633789062,76.6500015258789,82.0071029663086,2544,24.36,18.7,16.73,743.74,325.56,6.4,0.0744,0.9568,1,0,0
2023-07-06,112.2699966430664,76.5199966430664,82.39409637451172,2552,23.6,17.45,15.47,750.73,351.81,6.8,0.0742,0.9314,1,0,0
2023-07-07,110.54000091552734,78.47000122070312,82.76840209960938,2567,24.47,18.44,16.14,752.84,349.48,6.5,0.0761,0.9364,1,0,0
2023-07-08,110.54000091552734,78.47000122070312,82.76840209960938,2550,24.89,18.61,16.25,758.75,348.52,7.7,0.0779,0.9233,1,0,0
2023-07-09,110.54000091552734,78.47000122070312,82.76840209960938,2549,23.88,17.79,16.0,775.19,353.24,6.9,0.0774,0.9228,1,0,0
2023-07-10,109.20999908447266,77.69000244140625,82.61530303955078,2564,23.91,18.66,16.64,723.98,337.26,8.5,0.0737,0.9317,1,0,0
2023-07-11,109.33999633789062,79.4000015258789,82.52529907226562,2546,24.89,18.23,15.94,766.97,340.38,6.9,0.0739,0.9445,1,0,0
2023-07-12,110.61000061035156,80.11000061035156,82.39990234375,2549,24.6,19.5,17.59,792.83,368.39,6.3,0.0741,0.9301,1,0,0
2023-07-13,110.94999694824219,81.36000061035156,82.00180053710938,2536,24.62,19.13,16.78,779.75,346.14,8.3,0.0743,0.96,1,0,0
2023-07-14,112.37999725341797,79.87000274658203,82.03079986572266,2548,23.96,18.76,16.17,785.25,354.58,7.0,0.0719,0.9309,1,0,0
2023-07-15,112.37999725341797,79.87000274658203,82.03079986572266,2504,24.12,18.1,15.62,757.9,347.3,6.3,0.0771,0.9462,1,0,0
2023-07-16,112.37999725341797,79.87000274658203,82.03079986572266,2485,23.43,17.73,15.21,765.06,328.75,7.2,0.0746,0.96,1,0,0
2023-07-17,111.80999755859375,78.5,82.07679748535156,2478,24.76,18.1,15.82,755.81,324.39,6.5,0.0764,0.944,1,0,0
2023-07-18,112.16999816894531,79.62999725341797,82.06159973144531,2520,25.13,18.84,17.07,737.08,340.96,8.2,0.0748,0.9385,1,0,0
2023-07-19,112.08000183105469,79.45999908447266,82.07540130615234,2512,22.75,17.54,15.11,748.42,357.0,6.7,0.0754,0.9459,1,0,0
2023-07-20,112.43000030517578,79.63999938964844,82.06169891357422,2494,23.37,18.41,16.28,750.6,354.8,7.6,0.0741,0.9347,1,0,0
2023-07-21,112.47000122070312,81.06999969482422,82.0823974609375,2546,23.24,17.11,14.79,784.11,358.23,6.1,0.0754,0.9299,1,0,0
2023-07-22,112.47000122070312,81.06999969482422,82.0823974609375,2505,23.66,17.8,15.56,784.71,339.22,6.6,0.0737,0.9527,1,0,0
2023-07-23,112.47000122070312,81.06999969482422,82.0823974609375,2444,23.75,17.97,15.21,778.13,365.25,10.9,0.0754,0.9327,1,0,0
2023-07-24,112.51000213623047,82.73999786376953,81.99030303955078,2463,22.81,16.64,14.55,796.37,341.97,8.0,0.0783,0.9562,1,0,0
2023-07-25,112.72000122070312,83.63999938964844,81.81420135498047,2452,23.18,17.91,15.68,791.11,355.22,6.2,0.0764,0.9537,1,0,0
2023-07-26,112.88999938964844,82.91999816894531,81.95010375976562,2416,22.86,17.01,15.18,802.23,352.01,6.4,0.076,0.943,1,0,0
2023-07-27,112.9000015258789,84.23999786376953,81.97550201416016,2439,23.99,18.13,16.04,797.58,352.36,6.5,0.0727,0.9559,1,0,0
2023-07-28,112.69000244140625,84.98999786376953,82.3749008178711,2446,23.92,17.95,15.32,803.67,368.48,7.3,0.0765,0.9334,1,0,0
2023-07-29,112.69000244140625,84.98999786376953,82.3749008178711,2426,23.15,17.2,15.57,799.79,348.05,7.7,0.0767,0.9526,1,0,0
2023-07-30,112.69000244140625,84.98999786376953,82.3749008178711,2389,23.64,17.96,15.89,811.19,341.6,7.7,0.0759,0.9513,1,0,0
2023-07-31,112.45999908447266,85.55999755859375,82.25279998779297,2410,23.18,17.51,15.49,802.1,356.02,6.9,0.0758,0.9358,1,0,0
2023-08-01,108.31999969482422,84.91000366210938,82.2332992553711,2416,23.39,17.59,15.48,814.11,348.36,8.0,0.075,0.9341,1,0,0
2023-08-02,107.41000366210938,83.19999694824219,82.30729675292969,2395,24.73,18.43,16.01,776.27,383.02,6.7,0.0766,0.9448,1,0,0
2023-08-03,104.26000213623047,85.13999938964844,82.7332992553711,2452,24.84,19.04,16.84,790.89,357.03,6.2,0.0781,0.96,1,0,0
2023-08-04,105.18000030517578,86.23999786376953,82.7843017578125,2429,22.62,18.02,16.05,820.39,348.37,7.0,0.076,0.9375,1,0,0
2023-08-05,105.18000030517578,86.23999786376953,82.7843017578125,2386,24.07,18.36,15.46,811.08,341.91,9.7,0.0733,0.9328,1,0,0
2023-08-06,105.18000030517578,86.23999786376953,82.7843017578125,2363,23.9,18.66,16.21,806.69,333.67,7.9,0.0735,0.9564,1,0,0
2023-08-07,104.7300033569336,85.33999633789062,82.69529724121094,2350,22.2,16.18,14.14,816.22,340.6,7.0,0.0767,0.9394,1,0,0
2023-08-08,104.41000366210938,86.16999816894531,82.74829864501953,2358,23.83,18.19,16.11,804.34,353.05,7.2,0.0733,0.9516,1,0,0
2023-08-09,104.69999694824219,87.55000305175781,82.84500122070312,2359,24.45,18.03,16.34,819.34,368.42,9.2,0.0756,0.96,1,0,0
2023-08-10,104.5999984741211,86.4000015258789,82.86630249023438,2354,22.23,16.16,13.91,830.1,363.58,6.7,0.0745,0.9099,1,0,0
2023-08-11,105.37000274658203,86.80999755859375,82.79989624023438,2321,22.2,16.5,14.32,834.79,355.73,6.5,0.0731,0.9368,1,0,0
2023-08-12,105.37000274658203,86.80999755859375,82.79989624023438,2353,23.91,18.77,16.31,835.19,350.21,10.5,0.0769,0.935,1,0,0
2023-08-13,105.37000274658203,86.80999755859375,82.79989624023438,2346,23.25,18.15,15.65,812.93,356.13,8.4,0.0766,0.9238,1,0,0
2023-08-14,104.62999725341797,86.20999908447266,82.89730072021484,2365,23.54,18.01,15.71,826.69,346.91,6.5,0.0725,0.9101,1,0,0
2023-08-15,104.80000305175781,84.88999938964844,83.2333984375,2359,23.26,16.91,15.19,790.86,367.4,6.7,0.0761,0.9148,1,0,0
2023-08-16,104.80999755859375,83.44999694824219,83.19419860839844,2354,23.2,17.53,15.0,780.81,346.17,6.6,0.0758,0.94,1,0,0
2023-08-17,105.63999938964844,84.12000274658203,83.23699951171875,2370,21.92,16.81,14.96,768.39,348.7,6.2,0.0768,0.931,1,0,0
2023-08-18,106.0999984741211,84.80000305175781,83.09829711914062,2382,23.9,18.25,15.38,821.66,328.7,9.8,0.0755,0.9274,1,0,0
2023-08-19,106.0999984741211,84.80000305175781,83.09829711914062,2394,24.05,17.36,15.05,791.22,348.91,6.6,0.078,0.9412,1,0,0
2023-08-20,106.0999984741211,84.80000305175781,83.09829711914062,2424,23.07,17.09,14.91,800.07,359.22,8.5,0.0749,0.9304,1,0,0
2023-08-21,106.4800033569336,84.45999908447266,83.16729736328125,2422,23.18,17.58,16.14,788.17,339.9,6.3,0.0746,0.96,1,0,0
2023-08-22,106.7699966430664,84.02999877929688,83.1135025024414,2433,22.02,17.0,14.85,804.28,342.6,7.0,0.0732,0.9318,1,0,0
2023-08-23,107.47000122070312,83.20999908447266,83.07330322265625,2420,23.53,16.78,13.89,785.42,357.22,6.0,0.0732,0.96,1,0,0
2023-08-24,107.81999969482422,83.36000061035156,82.5447006225586,2454,23.76,17.98,15.02,775.37,334.97,7.7,0.073,0.9413,1,0,0
2023-08-25,108.20999908447266,84.4800033569336,82.64140319824219,2442,23.21,17.71,15.6,804.54,362.22,7.0,0.0755,0.9316,1,0,0
2023-08-26,108.20999908447266,84.4800033569336,82.64140319824219,2484,24.38,18.95,16.92,782.03,346.32,7.2,0.0745,0.9319,1,0,0
2023-08-27,108.20999908447266,84.4800033569336,82.64140319824219,2479,23.17,17.96,15.95,789.19,347.76,6.1,0.0757,0.96,1,0,0
2023-08-28,108.30999755859375,84.41999816894531,82.66429901123047,2440,23.65,18.27,16.14,773.52,340.38,6.3,0.0726,0.9518,1,0,0
2023-08-29,108.6500015258789,85.48999786376953,82.69149780273438,2448,22.46,16.67,15.13,789.55,357.21,6.1,0.0733,0.9302,1,0,0
2023-08-30,108.98999786376953,85.86000061035156,82.49469757080078,2431,23.16,16.65,14.44,811.5,378.78,6.4,0.0733,0.9428,1,0,0
2023-08-31,109.4000015258789,86.86000061035156,82.70040130615234,2457,23.21,17.44,15.71,793.11,363.74,7.2,0.0794,0.9065,1,0,0
2023-09-01,118.19000244140625,88.55000305175781,82.68240356445312,2452,23.56,18.41,15.55,811.3,355.1,7.0,0.0747,0.9218,1,0,0
2023-09-02,118.19000244140625,88.55000305175781,82.68240356445312,2438,22.99,18.17,15.63,829.04,375.1,7.1,0.0749,0.93,1,0,0
2023-09-03,118.19000244140625,88.55000305175781,82.68240356445312,2388,22.89,17.75,14.9,822.55,360.57,7.0,0.0748,0.928,1,0,0
2023-09-04,118.19000244140625,88.55000305175781,82.6969985961914,2374,23.57,18.13,15.84,852.98,377.48,6.4,0.0781,0.9573,1,0,0
2023-09-05,117.12999725341797,90.04000091552734,82.7345962524414,2322,22.32,17.15,15.07,862.0,373.4,6.3,0.0717,0.9087,1,0,0
2023-09-06,118.97000122070312,90.5999984741211,83.08609771728516,2285,21.19,15.83,13.98,833.68,337.85,6.2,0.0748,0.9147,1,0,0
2023-09-07,117.4000015258789,89.91999816894531,83.25740051269531,2296,23.89,18.09,15.94,845.8,355.28,8.3,0.0717,0.9433,1,0,0
2023-09-08,116.9000015258789,90.6500015258789,83.24150085449219,2319,23.75,18.88,16.24,853.46,375.56,7.2,0.0702,0.9408,1,0,0
2023-09-09,116.9000015258789,90.6500015258789,83.24150085449219,2328,21.65,15.98,13.99,837.29,367.63,6.2,0.0735,0.9324,1,0,0
2023-09-10,116.9000015258789,90.6500015258789,83.24150085449219,2301,23.07,18.34,15.54,826.52,355.88,6.2,0.0757,0.96,1,0,0
2023-09-11,118.2300033569336,90.63999938964844,83.03130340576172,2298,22.09,16.63,15.18,844.24,360.56,8.5,0.0733,0.9459,1,0,0
2023-09-12,120.33000183105469,92.05999755859375,82.94329833984375,2307,22.8,17.99,15.71,852.73,351.23,7.6,0.0757,0.9552,1,0,0
2023-09-13,120.52999877929688,91.87999725341797,82.84300231933594,2275,22.63,16.5,14.32,848.25,369.25,7.3,0.0751,0.9351,1,0,0
2023-09-14,120.55999755859375,93.69999694824219,82.93679809570312,2326,22.56,17.44,15.98,872.13,394.99,6.6,0.0746,0.9294,1,0,0
2023-09-15,121.29000091552734,93.93000030517578,83.0282974243164,2348,22.24,16.53,14.05,859.5,381.72,6.4,0.0774,0.9303,1,0,0
2023-09-16,121.29000091552734,93.93000030517578,83.0282974243164,2341,22.27,16.22,13.82,854.68,395.57,10.7,0.0737,0.9519,1,0,0
2023-09-17,121.29000091552734,93.93000030517578,83.0282974243164,2340,22.08,16.89,14.42,869.82,382.49,7.9,0.0756,0.9496,1,0,0
2023-09-18,122.19999694824219,94.43000030517578,83.08580017089844,2348,22.2,17.38,15.27,876.8,385.24,6.4,0.0712,0.935,1,0,0
2023-09-19,122.16000366210938,94.33999633789062,83.25489807128906,2295,22.51,16.69,14.86,857.39,394.55,8.3,0.075,0.9436,1,0,0
2023-09-20,121.83000183105469,93.52999877929688,83.19499969482422,2281,21.88,15.88,14.27,876.71,377.17,7.7,0.0743,0.9505,1,0,0
2023-09-21,121.69000244140625,93.30000305175781,83.08699798583984,2261,22.87,17.34,16.29,842.64,371.09,6.4,0.0724,0.9269,1,0,0
2023-09-22,121.33000183105469,93.2699966430664,82.89129638671875,2235,23.36,17.71,14.69,856.73,383.03,6.7,0.0756,0.9293,1,0,0
2023-09-23,121.33000183105469,93.2699966430664,82.89129638671875,2227,21.66,16.74,14.97,860.57,387.24,6.2,0.0733,0.9409,1,0,0
2023-09-24,121.33000183105469,93.2699966430664,82.89129638671875,2271,22.55,17.61,15.27,856.03,367.9,6.1,0.0782,0.9089,1,0,0
2023-09-25,121.18000030517578,93.29000091552734,82.97480010986328,2287,22.85,17.34,15.02,857.03,365.43,7.5,0.0699,0.9432,1,0,0
2023-09-26,120.93000030517578,93.95999908447266,83.0282974243164,2277,22.8,18.26,15.82,891.18,374.89,6.4,0.0752,0.919,1,0,0
2023-09-27,120.83999633789062,96.55000305175781,83.29869842529297,2312,22.77,17.42,14.97,877.5,385.64,8.1,0.0748,0.9512,1,0,0
2023-09-28,120.83999633789062,95.37999725341797,83.22270202636719,2337,23.4,17.61,16.17,908.43,383.55,12.5,0.0742,0.96,1,0,0
2023-09-29,120.79000091552734,95.30999755859375,83.19300079345703,2360,23.31,16.91,15.22,883.87,361.2,6.1,0.0737,0.9282,1,0,0
2023-09-30,120.79000091552734,95.30999755859375,83.19300079345703,2361,21.94,16.54,14.56,879.73,394.56,6.8,0.0748,0.9185,1,0,0
2023-10-01,120.79000091552734,95.30999755859375,83.19300079345703,2345,23.54,17.72,16.13,884.34,369.03,6.9,0.0768,0.9355,0,0,1
2023-10-02,120.13999938964844,90.70999908447266,83.03479766845703,2326,23.26,18.16,15.38,875.26,365.5,6.9,0.0713,0.9336,0,0,1
2023-10-03,118.44000244140625,90.91999816894531,83.3593978881836,2337,22.01,16.96,14.39,834.52,358.42,6.7,0.0731,0.9478,0,0,1
2023-10-04,118.02999877929688,85.80999755859375,83.22979736328125,2319,22.35,16.4,13.56,795.54,386.52,5.5,0.0726,0.9408,0,0,1
2023-10-05,117.41999816894531,84.06999969482422,83.44979858398438,2322,22.81,17.42,15.05,787.17,358.98,5.7,0.0725,0.933,0,0,1
2023-10-06,117.73999786376953,84.58000183105469,83.22489929199219,2352,22.29,17.28,15.27,800.36,349.0,6.1,0.0753,0.9398,0,0,1
2023-10-07,117.73999786376953,84.58000183105469,83.22489929199219,2340,23.25,18.43,16.26,779.26,366.15,9.4,0.0758,0.9212,0,0,1
2023-10-08,117.73999786376953,84.58000183105469,83.22489929199219,2373,24.46,19.03,16.81,800.24,365.21,5.5,0.0768,0.9515,0,0,1
2023-10-09,118.18000030517578,88.1500015258789,83.12460327148438,2408,22.28,17.31,14.67,846.46,361.26,8.1,0.0758,0.96,0,0,1
2023-10-10,117.4000015258789,87.6500015258789,83.27030181884766,2456,22.06,16.8,15.11,824.29,370.32,5.4,0.076,0.9239,0,0,1
2023-10-11,118.30999755859375,85.81999969482422,83.25029754638672,2426,23.17,17.8,15.76,805.55,351.46,10.4,0.0718,0.9172,0,0,1
2023-10-12,117.41999816894531,86.0,83.21800231933594,2472,23.77,18.69,16.74,802.96,354.52,6.3,0.0775,0.9364,0,0,1
2023-10-13,118.56999969482422,90.88999938964844,83.26239776611328,2517,23.46,17.16,14.34,857.01,347.37,5.7,0.0742,0.9256,0,0,1
2023-10-14,118.56999969482422,90.88999938964844,83.26239776611328,2502,24.73,18.62,16.51,836.31,354.24,6.1,0.0766,0.9243,0,0,1
2023-10-15,118.56999969482422,90.88999938964844,83.26239776611328,2491,22.44,16.67,14.19,868.38,385.55,5.4,0.0718,0.922,0,0,1
2023-10-16,119.25,89.6500015258789,83.28230285644531,2475,23.93,18.38,16.02,860.33,382.44,5.4,0.0741,0.9396,0,0,1
2023-10-17,119.30999755859375,89.9000015258789,83.19950103759766,2489,22.99,18.09,16.13,842.05,367.09,5.1,0.0764,0.9368,0,0,1
2023-10-18,119.01000213623047,91.5,83.26429748535156,2517,25.07,18.75,16.54,850.56,385.29,5.1,0.0746,0.9495,0,0,1
2023-10-19,119.04000091552734,92.37999725341797,83.26860046386719,2511,25.3,18.03,15.53,869.51,368.39,5.5,0.073,0.9353,0,0,1
2023-10-20,118.6500015258789,92.16000366210938,83.12229919433594,2511,23.09,17.34,15.26,868.67,367.0,6.7,0.0771,0.9255,0,0,1
2023-10-21,118.6500015258789,92.16000366210938,83.12229919433594,2567,23.58,18.38,15.56,845.86,370.0,6.1,0.0721,0.9453,0,0,1
2023-10-22,118.6500015258789,92.16000366210938,83.12229919433594,2612,24.97,19.25,17.4,849.21,368.18,5.1,0.0744,0.9312,0,0,1
2023-10-23,118.44999694824219,89.83000183105469,83.15979766845703,2606,23.85,18.34,16.06,822.59,363.66,7.3,0.0757,0.9545,0,0,1
2023-10-24,118.19000244140625,88.06999969482422,83.02940368652344,2596,24.01,18.11,16.38,830.46,374.45,6.1,0.0787,0.9215,0,0,1
2023-10-25,118.4800033569336,90.12999725341797,82.98780059814453,2618,24.28,17.81,15.46,848.65,367.78,8.9,0.0735,0.9148,0,0,1
2023-10-26,118.44999694824219,87.93000030517578,83.1709976196289,2618,22.65,17.47,15.16,808.33,370.09,6.3,0.0739,0.9231,0,0,1
2023-10-27,118.55000305175781,90.4800033569336,83.28250122070312,2615,24.27,18.03,15.56,837.76,377.16,5.2,0.0735,0.9409,0,0,1
2023-10-28,118.55000305175781,90.4800033569336,83.28250122070312,2612,23.72,19.12,17.18,827.05,370.73,5.8,0.0749,0.9428,0,0,1
2023-10-29,118.55000305175781,90.4800033569336,83.28250122070312,2573,23.67,18.27,15.79,832.43,357.15,6.3,0.0756,0.9478,0,0,1
2023-10-30,118.69999694824219,87.44999694824219,83.41339874267578,2561,25.05,18.75,16.76,827.62,348.87,5.0,0.0766,0.9369,0,0,1
2023-10-31,118.91000366210938,87.41000366210938,83.29650115966797,2580,23.0,17.17,14.96,811.91,363.95,5.0,0.0759,0.9333,0,0,1
2023-11-01,122.33000183105469,84.62999725341797,83.2771987915039,2549,24.39,18.49,15.48,796.73,358.63,5.2,0.0734,0.96,0,0,1
2023-11-02,125.56999969482422,86.8499984741211,85.19400024414062,2609,23.95,18.08,15.68,797.08,366.49,5.3,0.076,0.96,0,0,1
2023-11-03,126.1500015258789,84.88999938964844,83.24729919433594,2566,23.64,18.52,15.83,804.49,362.86,5.7,0.0745,0.96,0,0,1
2023-11-04,126.1500015258789,84.88999938964844,83.24729919433594,2533,24.33,18.58,16.36,801.71,388.86,5.8,0.0758,0.9491,0,0,1
2023-11-05,126.1500015258789,84.88999938964844,83.24729919433594,2542,24.03,17.9,15.28,793.5,349.72,5.2,0.0759,0.9506,0,0,1
2023-11-06,126.62999725341797,85.18000030517578,83.15850067138672,2574,24.42,19.5,17.53,802.1,343.85,6.3,0.0776,0.9337,0,0,1
2023-11-07,125.94999694824219,81.61000061035156,83.2228012084961,2591,24.71,18.8,16.51,780.36,361.31,6.1,0.0736,0.9485,0,0,1
2023-11-08,127.26000213623047,79.54000091552734,83.23269653320312,2567,23.46,18.21,15.95,753.25,351.9,5.4,0.0732,0.9315,0,0,1
2023-11-09,127.37999725341797,80.01000213623047,83.21769714355469,2601,23.46,17.53,15.69,748.76,359.6,5.0,0.0752,0.9309,0,0,1
2023-11-10,128.07000732421875,81.43000030517578,83.31939697265625,2616,23.24,17.84,16.08,798.55,364.83,5.1,0.0766,0.9229,0,0,1
2023-11-11,128.07000732421875,81.43000030517578,83.31939697265625,2615,23.46,17.99,15.82,769.28,371.83,5.6,0.0744,0.9533,0,0,1
2023-11-12,128.07000732421875,81.43000030517578,83.31939697265625,2641,26.64,19.3,16.68,775.72,343.91,5.2,0.0768,0.9505,0,0,1
2023-11-13,128.33999633789062,82.5199966430664,83.29889678955078,2671,25.5,20.39,17.23,797.0,355.22,5.6,0.0756,0.9445,0,0,1
2023-11-14,128.77999877929688,82.47000122070312,83.19760131835938,2635,23.24,18.31,15.84,826.85,365.26,6.2,0.0738,0.9413,0,0,1
2023-11-15,129.25,81.18000030517578,82.98159790039062,2666,23.4,17.59,15.23,760.12,367.02,6.0,0.0754,0.9214,0,0,1
2023-11-16,129.4199981689453,77.41999816894531,83.18620300292969,2675,24.76,18.27,16.12,752.89,375.72,5.3,0.0734,0.953,0,0,1
2023-11-17,128.9499969482422,80.61000061035156,83.12030029296875,2689,25.04,19.2,16.76,762.38,367.84,5.5,0.0747,0.9449,0,0,1
2023-11-18,128.9499969482422,80.61000061035156,83.12030029296875,2703,25.14,19.15,17.13,764.41,357.72,6.1,0.0721,0.96,0,0,1
2023-11-19,128.9499969482422,80.61000061035156,83.12030029296875,2720,24.61,18.88,16.37,762.23,349.38,7.4,0.0741,0.9529,0,0,1
2023-11-20,129.30999755859375,82.31999969482422,83.29149627685547,2745,24.94,19.05,16.74,769.9,355.42,6.7,0.0762,0.96,0,0,1
2023-11-21,129.5500030517578,82.44999694824219,83.32219696044922,2737,25.28,19.47,17.61,783.86,355.48,6.0,0.0757,0.9511,0,0,1
2023-11-22,129.83999633789062,81.95999908447266,83.345703125,2721,25.0,19.72,17.49,763.07,367.4,5.5,0.0754,0.9534,0,0,1
2023-11-23,129.83999633789062,81.37000274658203,83.54830169677734,2721,23.15,17.88,15.71,787.8,362.53,5.5,0.0747,0.96,0,0,1
2023-11-24,130.16000366210938,80.58000183105469,83.34400177001953,2748,24.88,18.38,15.93,771.31,345.73,7.5,0.0745,0.9487,0,0,1
2023-11-25,130.16000366210938,80.58000183105469,83.34400177001953,2767,24.51,19.31,16.74,775.72,354.61,5.0,0.0716,0.9593,0,0,1
2023-11-26,130.16000366210938,80.58000183105469,83.34400177001953,2763,25.33,20.07,17.32,765.06,367.74,10.3,0.0737,0.9454,0,0,1
2023-11-27,130.4199981689453,79.9800033569336,83.31449890136719,2782,27.68,22.61,19.68,761.85,361.74,6.3,0.0745,0.9508,0,0,1
2023-11-28,130.39999389648438,81.68000030517578,83.364501953125,2730,25.38,18.73,16.78,782.17,366.45,6.4,0.0719,0.96,0,0,1
2023-11-29,130.3800048828125,83.0999984741211,83.41809844970703,2775,25.17,19.25,16.85,775.15,366.71,5.0,0.0706,0.96,0,0,1
2023-11-30,130.4600067138672,82.83000183105469,83.3302993774414,2735,25.94,18.67,15.89,782.85,378.79,6.1,0.0763,0.943,0,0,1
2023-12-01,130.4600067138672,78.87999725341797,83.35269927978516,2699,25.26,19.47,17.84,747.88,358.96,5.8,0.0742,0.9563,0,0,1
2023-12-02,130.4600067138672,78.87999725341797,83.35269927978516,2677,25.11,18.81,16.68,747.5,352.74,5.1,0.0745,0.93,0,0,1
2023-12-03,130.4600067138672,78.87999725341797,83.35269927978516,2650,25.13,20.06,17.09,732.87,347.44,5.4,0.0752,0.945,0,0,1
2023-12-04,130.4600067138672,78.02999877929688,83.21859741210938,2678,26.43,19.7,17.16,768.03,357.82,7.7,0.0721,0.935,0,0,1
2023-12-05,130.77000427246094,77.19999694824219,83.41709899902344,2665,23.8,17.24,15.22,737.64,329.85,6.0,0.0732,0.9556,0,0,1
2023-12-06,132.9199981689453,74.30000305175781,83.31590270996094,2656,24.94,18.72,17.16,738.58,349.36,5.6,0.077,0.9457,0,0,1
2023-12-07,134.39999389648438,74.05000305175781,83.28959655761719,2658,23.84,17.13,14.63,735.61,349.66,5.1,0.073,0.9529,0,0,1
2023-12-08,135.4499969482422,75.83999633789062,83.35489654541016,2690,25.3,19.6,17.64,720.48,341.39,6.5,0.0735,0.96,0,0,1
2023-12-09,135.4499969482422,75.83999633789062,83.35489654541016,2698,24.19,17.35,15.83,722.85,345.75,6.5,0.0726,0.943,0,0,1
2023-12-10,135.4499969482422,75.83999633789062,83.35489654541016,2671,24.47,18.61,16.13,766.63,363.13,6.1,0.0725,0.9427,0,0,1
2023-12-11,135.16000366210938,76.02999877929688,83.43009948730469,2704,24.78,17.79,15.54,758.31,357.45,5.9,0.0762,0.9496,0,0,1
2023-12-12,135.66000366210938,73.23999786376953,83.34349822998047,2675,25.55,19.26,16.53,716.47,352.27,5.7,0.069,0.9363,0,0,1
2023-12-13,135.02999877929688,74.26000213623047,83.39600372314453,2650,25.43,20.15,17.65,727.41,355.47,6.1,0.073,0.9482,0,0,1
2023-12-14,135.22000122070312,76.61000061035156,83.2853012084961,2664,23.89,18.34,16.12,733.98,356.97,5.3,0.0744,0.9494,0,0,1
2023-12-15,135.0800018310547,76.55000305175781,83.29660034179688,2707,25.19,18.71,16.73,746.3,368.3,8.4,0.0773,0.9537,0,0,1
2023-12-16,135.0800018310547,76.55000305175781,83.29660034179688,2734,24.76,18.8,16.98,732.51,357.11,6.1,0.0716,0.9574,0,0,1
2023-12-17,135.0800018310547,76.55000305175781,83.29660034179688,2731,24.33,18.5,15.98,716.72,341.29,5.4,0.0713,0.927,0,0,1
2023-12-18,134.61000061035156,77.94999694824219,83.04170227050781,2740,25.29,19.46,16.34,735.51,373.99,5.7,0.0722,0.9321,0,0,1
2023-12-19,134.64999389648438,79.2300033569336,83.11119842529297,2748,25.34,18.57,16.33,761.01,363.34,7.0,0.0753,0.9341,0,0,1
2023-12-20,134.85000610351562,79.69999694824219,83.09159851074219,2810,27.91,21.51,19.05,750.63,354.57,5.2,0.0741,0.9551,0,0,1
2023-12-21,135.30999755859375,79.38999938964844,83.26719665527344,2823,26.4,18.71,16.56,761.12,347.74,5.4,0.071,0.9498,0,0,1
2023-12-22,135.52000427246094,79.06999969482422,83.13159942626953,2837,25.05,18.72,16.34,746.69,363.88,6.4,0.0741,0.9206,0,0,1
2023-12-23,135.52000427246094,79.06999969482422,83.13159942626953,2869,25.9,19.44,17.16,750.19,358.75,5.5,0.0769,0.96,0,0,1
2023-12-24,135.52000427246094,79.06999969482422,83.13159942626953,2881,27.26,21.03,19.11,769.82,375.66,6.9,0.0744,0.9262,0,0,1
2023-12-25,135.52000427246094,79.06999969482422,83.16500091552734,2881,28.14,21.4,18.98,762.55,356.46,5.2,0.0742,0.9565,0,0,1
2023-12-26,135.75,81.06999969482422,83.17230224609375,2898,25.4,18.6,16.22,774.13,354.68,6.7,0.0743,0.96,0,0,1
2023-12-27,136.07000732421875,79.6500015258789,83.18280029296875,2891,25.1,18.58,16.15,774.38,370.07,5.1,0.0746,0.9456,0,0,1
2023-12-28,136.16000366210938,78.38999938964844,83.26719665527344,2887,28.05,21.42,18.78,760.37,368.53,5.0,0.0713,0.96,0,0,1
2023-12-29,136.3699951171875,77.04000091552734,82.302001953125,2900,26.91,20.41,18.62,762.06,359.07,7.7,0.0733,0.9415,0,0,1
2023-12-30,136.3699951171875,77.04000091552734,82.302001953125,2908,25.97,19.45,17.04,739.18,364.15,6.0,0.0734,0.9595,0,0,1
2023-12-31,136.3699951171875,77.04000091552734,82.302001953125,2932,27.25,20.47,18.01,739.55,357.01,5.5,0.0728,0.925,0,0,1
2024-01-01,136.3699951171875,77.04000091552734,83.24859619140625,2936,24.76,19.17,16.68,729.09,359.72,2.8,0.0751,0.96,0,0,0
2024-01-02,136.3699951171875,75.88999938964844,83.20259857177734,2935,26.85,20.15,18.17,731.13,367.31,3.7,0.0725,0.9578,0,0,0
2024-01-03,144.16000366210938,78.25,83.25700378417969,2911,27.1,20.55,18.87,765.15,370.12,3.4,0.073,0.9331,0,0,0
2024-01-04,142.9499969482422,77.58999633789062,83.31809997558594,2934,27.7,22.14,19.66,764.33,360.46,8.2,0.0712,0.96,0,0,0
2024-01-05,141.4499969482422,78.76000213623047,83.2406005859375,2959,26.36,19.32,17.03,768.83,376.53,7.4,0.0745,0.96,0,0,0
2024-01-06,141.4499969482422,78.76000213623047,83.2406005859375,2990,27.44,19.93,17.55,735.78,339.36,3.7,0.0756,0.9458,0,0,0
2024-01-07,141.4499969482422,78.76000213623047,83.2406005859375,2924,26.29,20.37,16.97,770.31,383.53,3.2,0.073,0.9543,0,0,0
2024-01-08,140.8699951171875,76.12000274658203,83.19110107421875,2961,27.36,20.45,18.29,715.9,341.64,3.3,0.0753,0.951,0,0,0
2024-01-09,140.52000427246094,77.58999633789062,83.05069732666016,2975,26.6,20.06,17.71,759.51,354.43,3.9,0.0734,0.9476,0,0,0
2024-01-10,138.16000366210938,76.80000305175781,83.131103515625,3003,27.14,20.24,17.98,738.53,357.69,2.6,0.0686,0.947,0,0,0
2024-01-11,138.85000610351562,77.41000366210938,83.02559661865234,2988,26.64,20.12,17.42,755.85,357.96,3.0,0.0735,0.9499,0,0,0
2024-01-12,137.22000122070312,78.29000091552734,83.07610321044922,3017,28.18,22.22,19.4,737.88,369.83,2.6,0.0733,0.9517,0,0,0
2024-01-13,137.22000122070312,78.29000091552734,83.07610321044922,2996,28.25,21.87,19.08,767.92,349.19,2.6,0.0738,0.9545,0,0,0
2024-01-14,137.22000122070312,78.29000091552734,83.07610321044922,2987,27.35,21.22,19.08,736.29,362.37,2.8,0.0741,0.9531,0,0,0
2024-01-15,137.22000122070312,78.29000091552734,82.87210083007812,3041,27.9,20.5,17.89,745.84,353.98,3.3,0.0722,0.96,0,0,0
2024-01-16,136.75,78.29000091552734,82.8593978881836,3042,26.74,19.75,18.21,741.89,362.44,4.3,0.0765,0.96,0,0,0
2024-01-17,135.7899932861328,77.87999725341797,83.08899688720703,3050,27.71,19.64,17.46,729.81,357.65,3.3,0.0735,0.9387,0,0,0
2024-01-18,136.0800018310547,79.0999984741211,83.17759704589844,3088,28.19,21.02,17.99,760.94,361.23,3.0,0.0732,0.954,0,0,0
2024-01-19,135.8800048828125,78.55999755859375,83.16059875488281,3102,30.41,23.59,20.71,777.52,353.87,2.6,0.0751,0.96,0,0,0
2024-01-20,135.8800048828125,78.55999755859375,83.16059875488281,3111,27.5,21.16,18.36,787.85,354.27,3.5,0.0736,0.96,0,0,0
2024-01-21,135.8800048828125,78.55999755859375,83.16059875488281,3127,29.67,22.44,18.87,757.01,362.24,2.9,0.0787,0.96,0,0,0
2024-01-22,135.4199981689453,80.05999755859375,83.12470245361328,3204,29.81,22.64,20.56,780.24,370.78,3.6,0.0731,0.96,0,0,0
2024-01-23,135.47999572753906,79.55000305175781,83.09510040283203,3205,29.25,21.89,19.54,765.89,354.63,7.0,0.0742,0.96,0,0,0
2024-01-24,135.49000549316406,80.04000091552734,83.22139739990234,3220,30.56,23.33,20.74,772.68,352.67,2.6,0.072,0.96,0,0,0
2024-01-25,135.5399932861328,82.43000030517578,83.09760284423828,3271,29.85,23.07,20.37,780.11,371.1,2.8,0.0752,0.96,0,0,0
2024-01-26,135.5500030517578,83.55000305175781,83.14610290527344,3313,30.17,22.12,18.91,794.76,366.33,3.3,0.0741,0.96,0,0,0
2024-01-27,135.5500030517578,83.55000305175781,83.14610290527344,3348,30.03,22.97,20.02,798.87,374.96,6.7,0.0728,0.96,0,0,0
2024-01-28,135.5500030517578,83.55000305175781,83.14610290527344,3370,31.2,24.18,21.62,785.48,357.6,4.3,0.0717,0.96,0,0,0
2024-01-29,135.5500030517578,82.4000015258789,83.12129974365234,3338,30.9,23.28,20.07,783.06,347.14,5.2,0.0708,0.96,0,0,0
2024-01-30,135.61000061035156,82.87000274658203,83.1530990600586,3388,29.84,23.03,19.25,786.74,360.34,3.0,0.0743,0.96,0,0,0
2024-01-31,135.1300048828125,81.70999908447266,83.10970306396484,3356,29.08,23.51,20.6,788.85,355.98,8.3,0.0707,0.96,0,0,0
2024-02-01,132.6699981689453,78.69999694824219,83.05359649658203,3345,29.81,22.6,19.83,744.08,356.86,2.6,0.076,0.96,0,0,0
2024-02-02,128.6300048828125,77.33000183105469,82.92759704589844,3320,29.17,22.37,19.74,746.21,346.8,2.6,0.0709,0.96,0,0,0
2024-02-03,128.6300048828125,77.33000183105469,82.92759704589844,3324,29.8,22.28,19.9,769.77,360.58,4.8,0.0731,0.96,0,0,0
2024-02-04,128.6300048828125,77.33000183105469,82.92759704589844,3337,30.93,23.6,21.02,760.8,350.29,5.6,0.0716,0.96,0,0,0
2024-02-05,128.94000244140625,77.98999786376953,82.99929809570312,3356,29.73,22.82,20.19,767.86,355.85,2.6,0.0735,0.96,0,0,0
2024-02-06,127.38999938964844,78.58999633789062,83.10369873046875,3376,30.22,23.06,20.77,756.36,355.9,2.6,0.0734,0.96,0,0,0
2024-02-07,127.02999877929688,79.20999908447266,83.07060241699219,3427,30.63,22.77,19.43,764.46,356.98,2.5,0.0743,0.96,0,0,0
2024-02-08,129.07000732421875,81.62999725341797,83.01260375976562,3463,31.58,24.1,21.41,790.37,359.65,2.6,0.0703,0.96,0,0,0
2024-02-09,128.75,82.19000244140625,82.98529815673828,3466,29.16,22.89,20.39,801.18,365.64,2.8,0.0718,0.9518,0,0,0
2024-02-10,128.75,82.19000244140625,82.98529815673828,3495,30.66,23.53,20.21,759.03,352.58,6.7,0.0753,0.96,0,0,0
2024-02-11,128.75,82.19000244140625,82.98529815673828,3530,31.53,24.44,20.91,766.67,374.53,3.8,0.0746,0.96,0,0,0
2024-02-12,128.8699951171875,82.0,83.0145034790039,3502,32.17,24.33,21.11,796.77,357.96,4.3,0.0683,0.9533,0,0,0
2024-02-13,129.02000427246094,82.7699966430664,82.99019622802734,3528,31.01,23.94,20.8,783.38,348.45,4.3,0.0741,0.96,0,0,0
2024-02-14,129.10000610351562,81.5999984741211,83.07460021972656,3541,29.95,22.9,20.45,770.07,361.74,3.4,0.0712,0.96,0,0,0
2024-02-15,129.1699981689453,82.86000061035156,83.04309844970703,3548,32.06,23.89,20.78,772.31,353.28,4.4,0.0721,0.96,0,0,0
2024-02-16,129.2899932861328,83.47000122070312,83.00959777832031,3592,31.34,23.98,20.76,785.17,369.43,3.6,0.0728,0.96,0,0,0
2024-02-17,129.2899932861328,83.47000122070312,83.00959777832031,3593,30.92,23.0,20.0,775.01,384.88,3.0,0.0764,0.96,0,0,0
2024-02-18,129.2899932861328,83.47000122070312,83.00959777832031,3600,31.43,23.57,21.19,816.93,354.91,3.5,0.0712,0.96,0,0,0
2024-02-19,129.2899932861328,83.47000122070312,83.01599884033203,3600,31.8,24.26,21.35,791.57,366.1,3.4,0.0704,0.96,0,0,0
2024-02-20,127.91999816894531,82.33999633789062,83.02100372314453,3596,31.41,24.02,21.07,782.86,342.71,4.6,0.0741,0.96,0,0,0
2024-02-21,127.30000305175781,83.02999877929688,82.8291015625,3578,30.08,22.27,19.55,795.67,365.46,7.3,0.0732,0.96,0,0,0
2024-02-22,127.81999969482422,83.66999816894531,82.93840026855469,3551,32.45,25.19,22.68,804.85,353.34,3.1,0.0756,0.96,0,0,0
2024-02-23,126.8499984741211,81.62000274658203,82.87229919433594,3579,32.84,25.24,21.91,789.63,352.29,4.2,0.0725,0.96,0,0,0
2024-02-24,126.8499984741211,81.62000274658203,82.87229919433594,3561,32.26,24.17,21.8,791.16,347.53,2.6,0.0756,0.96,0,0,0
2024-02-25,126.8499984741211,81.62000274658203,82.87229919433594,3540,30.73,22.59,19.96,770.7,365.86,4.3,0.0732,0.96,0,0,0
2024-02-26,126.11000061035156,82.52999877929688,82.88179779052734,3498,31.29,23.71,20.8,781.37,369.53,3.1,0.0742,0.96,0,0,0
2024-02-27,125.83999633789062,83.6500015258789,82.85199737548828,3494,31.49,23.71,21.87,802.38,361.21,2.5,0.0764,0.96,0,0,0
2024-02-28,125.36000061035156,83.68000030517578,82.94819641113281,3465,31.83,24.25,20.92,787.05,352.09,3.0,0.0728,0.96,0,0,0
2024-02-29,124.86000061035156,83.62000274658203,82.91190338134766,3509,32.14,24.24,21.19,792.87,376.24,3.6,0.0752,0.9589,0,0,0
2024-03-01,113.88999938964844,83.55000305175781,82.910400390625,3537,31.18,22.69,19.47,797.21,346.15,2.7,0.0719,0.96,0,0,0
2024-03-02,113.88999938964844,83.55000305175781,82.910400390625,3523,31.77,23.95,21.46,801.84,332.04,5.6,0.0736,0.9457,0,0,0
2024-03-03,113.88999938964844,83.55000305175781,82.910400390625,3583,32.42,24.49,22.23,771.09,358.24,2.6,0.0702,0.9437,0,0,0
2024-03-04,116.94000244140625,82.80000305175781,82.84609985351562,3605,33.32,25.64,23.23,795.5,343.32,5.7,0.0721,0.96,0,0,0
2024-03-05,116.20999908447266,82.04000091552734,82.9104995727539,3593,32.63,24.45,22.01,778.55,362.67,4.0,0.071,0.96,0,0,0
2024-03-06,116.95999908447266,82.95999908447266,82.88480377197266,3541,32.46,25.51,22.37,796.59,350.8,3.0,0.0755,0.96,0,0,0
2024-03-07,117.95999908447266,82.95999908447266,82.81909942626953,3601,32.24,23.55,20.58,797.42,361.25,3.1,0.0765,0.96,0,0,0
2024-03-08,117.05000305175781,82.08000183105469,82.7522964477539,3562,33.06,25.78,22.02,800.94,367.37,4.1,0.0724,0.96,0,0,0
2024-03-09,117.05000305175781,82.08000183105469,82.7522964477539,3524,32.06,24.25,22.15,797.89,341.26,3.6,0.0715,0.96,0,0,0
2024-03-10,117.05000305175781,82.08000183105469,82.7522964477539,3552,31.21,24.15,21.44,797.81,347.69,3.8,0.0704,0.96,0,0,0
2024-03-11,113.0,82.20999908447266,82.7520980834961,3617,33.4,25.42,22.17,799.92,350.36,3.1,0.0736,0.96,0,0,0
2024-03-12,113.1500015258789,81.91999816894531,82.7782974243164,3651,33.02,25.66,23.11,783.97,366.15,3.3,0.0718,0.96,0,0,0
2024-03-13,111.7699966430664,84.02999877929688,82.83509826660156,3684,32.38,24.42,21.1,796.33,346.52,8.0,0.0719,0.96,0,0,0
2024-03-14,110.94000244140625,85.41999816894531,82.83110046386719,3713,32.58,24.21,21.47,816.6,348.75,2.8,0.0763,0.96,0,0,0
2024-03-15,109.61000061035156,85.33999633789062,82.9655990600586,3735,33.33,26.04,22.85,814.33,358.56,3.1,0.0724,0.96,0,0,0
2024-03-16,109.61000061035156,85.33999633789062,82.9655990600586,3756,33.59,25.47,22.67,801.83,348.0,2.9,0.0742,0.96,0,0,0
2024-03-17,109.61000061035156,85.33999633789062,82.9655990600586,3765,33.43,25.52,22.43,810.4,355.3,4.2,0.0731,0.96,0,0,0
2024-03-18,110.47000122070312,86.88999938964844,82.88890075683594,3782,33.69,26.22,22.49,816.48,341.1,4.2,0.0702,0.96,0,0,0
2024-03-19,110.70999908447266,87.37999725341797,82.86360168457031,3786,34.84,25.96,22.88,810.25,379.64,2.9,0.0693,0.96,0,0,0
2024-03-20,110.29000091552734,85.94999694824219,83.04239654541016,3758,34.14,26.24,23.51,825.5,341.62,2.6,0.0739,0.96,0,0,0
2024-03-21,110.94000244140625,85.77999877929688,83.05460357666016,3751,33.39,25.08,22.06,809.43,352.02,2.5,0.0763,0.96,0,0,0
2024-03-22,110.63999938964844,85.43000030517578,83.22660064697266,3707,33.74,25.58,22.82,830.79,354.2,3.2,0.0735,0.96,0,0,0
2024-03-23,110.63999938964844,85.43000030517578,83.22660064697266,3706,32.16,24.48,21.12,786.7,373.66,3.1,0.0742,0.96,0,0,0
2024-03-24,110.63999938964844,85.43000030517578,83.22660064697266,3682,33.17,24.46,21.51,799.52,341.28,7.8,0.0711,0.96,0,0,0
2024-03-25,110.66999816894531,86.75,83.59359741210938,3666,34.27,25.66,22.33,816.27,376.36,3.3,0.0749,0.96,0,0,0
2024-03-26,110.27999877929688,86.25,83.41739654541016,3668,32.64,25.48,22.72,825.86,363.11,2.9,0.0749,0.96,0,0,0
2024-03-27,109.83999633789062,86.08999633789062,83.34549713134766,3702,32.32,25.01,22.02,815.83,359.21,5.2,0.0715,0.96,0,0,0
2024-03-28,109.52999877929688,87.4800033569336,83.36499786376953,3737,32.73,24.84,22.14,824.95,347.09,3.3,0.0739,0.96,0,0,0
2024-03-29,109.52999877929688,87.4800033569336,83.39299774169922,3698,32.17,24.57,22.06,807.7,362.65,3.6,0.0693,0.96,0,0,0
2024-03-30,109.52999877929688,87.4800033569336,83.39299774169922,3674,32.28,24.39,21.74,807.35,349.7,2.6,0.0743,0.9597,0,0,0
2024-03-31,109.52999877929688,87.4800033569336,83.39299774169922,3698,32.75,25.57,22.61,825.1,369.6,3.1,0.0717,0.96,0,0,0
2024-04-01,102.33000183105469,87.41999816894531,83.36479949951172,3674,31.78,24.05,20.76,804.42,342.82,6.0,0.0704,0.96,0,1,0
2024-04-02,102.91000366210938,88.91999816894531,83.40969848632812,3680,33.01,25.2,22.17,825.4,353.99,3.6,0.0736,0.96,0,1,0
2024-04-03,100.41000366210938,89.3499984741211,83.35030364990234,3698,33.84,26.29,22.92,840.95,348.72,3.0,0.0693,0.96,0,1,0
2024-04-04,99.88999938964844,90.6500015258789,83.37329864501953,3684,32.37,24.21,21.17,832.68,346.03,3.7,0.0735,0.96,0,1,0
2024-04-05,99.97000122070312,91.16999816894531,83.47779846191406,3691,34.37,26.9,23.52,867.54,364.15,5.4,0.0705,0.9589,0,1,0
2024-04-06,99.97000122070312,91.16999816894531,83.47779846191406,3657,33.37,24.6,21.26,862.96,362.09,2.9,0.0701,0.96,0,1,0
2024-04-07,99.97000122070312,91.16999816894531,83.47779846191406,3642,33.7,26.43,22.48,829.42,368.83,3.3,0.0729,0.96,0,1,0
2024-04-08,102.68000030517578,90.37999725341797,83.29679870605469,3643,32.32,24.38,21.19,831.3,339.38,6.3,0.0724,0.96,0,1,0
2024-04-09,104.33000183105469,89.41999816894531,83.26959991455078,3595,33.22,25.13,22.19,808.02,367.37,2.7,0.0756,0.96,0,1,0
2024-04-10,104.0199966430664,90.4800033569336,83.22429656982422,3614,31.81,23.23,19.9,833.83,383.19,4.0,0.0702,0.96,0,1,0
2024-04-11,104.70999908447266,89.73999786376953,83.4126968383789,3607,33.32,25.1,22.09,846.99,352.92,3.6,0.0755,0.96,0,1,0
2024-04-12,106.05000305175781,90.44999694824219,83.34929656982422,3626,32.88,24.47,22.29,838.03,378.26,3.9,0.0704,0.96,0,1,0
2024-04-13,106.05000305175781,90.44999694824219,83.34929656982422,3630,33.2,24.93,22.35,848.53,356.67,3.0,0.0745,0.96,0,1,0
2024-04-14,106.05000305175781,90.44999694824219,83.34929656982422,3664,32.0,24.25,22.0,824.73,345.58,3.0,0.0749,0.96,0,1,0
2024-04-15,106.05000305175781,90.0999984741211,83.61109924316406,3663,32.2,24.95,22.11,850.01,355.72,3.9,0.0733,0.96,0,1,0
2024-04-16,106.06999969482422,90.0199966430664,83.50599670410156,3650,33.31,25.42,22.84,833.19,369.15,2.8,0.0711,0.96,0,1,0
2024-04-17,107.30000305175781,87.29000091552734,83.6675033569336,3630,31.85,24.36,21.15,819.98,346.93,3.2,0.0696,0.96,0,1,0
2024-04-18,107.94999694824219,87.11000061035156,83.5958023071289,3641,33.03,24.56,21.36,817.4,349.43,2.8,0.0687,0.96,0,1,0
2024-04-19,108.25,87.29000091552734,83.54499816894531,3642,31.57,23.55,19.63,804.58,361.82,2.5,0.0763,0.96,0,1,0
2024-04-20,108.25,87.29000091552734,83.54499816894531,3642,33.33,26.23,23.56,806.0,355.92,6.7,0.072,0.96,0,1,0
2024-04-21,108.25,87.29000091552734,83.54499816894531,3622,31.55,23.61,21.39,831.45,361.73,3.2,0.0704,0.96,0,1,0
2024-04-22,108.62000274658203,87.0,83.38529968261719,3602,32.85,25.79,22.47,822.5,358.05,6.7,0.0703,0.96,0,1,0
2024-04-23,108.76000213623047,88.41999816894531,83.38619995117188,3576,32.81,24.81,21.73,840.72,362.68,2.7,0.0729,0.96,0,1,0
2024-04-24,109.2300033569336,88.0199966430664,83.2833023071289,3615,31.94,24.28,21.06,829.08,353.24,3.6,0.0718,0.948,0,1,0
2024-04-25,109.68000030517578,89.01000213623047,83.3405990600586,3590,32.86,25.51,22.6,834.16,361.64,2.8,0.0687,0.96,0,1,0
2024-04-26,110.16000366210938,89.5,83.30180358886719,3574,32.52,25.35,22.76,815.32,351.07,4.4,0.0743,0.96,0,1,0
2024-04-27,110.16000366210938,89.5,83.30180358886719,3554,31.76,24.08,20.49,832.79,373.23,4.3,0.0732,0.96,0,1,0
2024-04-28,110.16000366210938,89.5,83.30180358886719,3574,31.48,23.73,21.05,835.71,354.0,2.6,0.0762,0.96,0,1,0
2024-04-29,110.54000091552734,88.4000015258789,83.40229797363281,3555,30.56,23.2,20.31,851.41,370.21,5.4,0.0748,0.96,0,1,0
2024-04-30,110.91000366210938,87.86000061035156,83.45110321044922,3579,32.51,24.88,21.94,832.26,356.0,2.8,0.0663,0.96,0,1,0
2024-05-01,117.20999908447266,83.44000244140625,83.49839782714844,3525,30.49,23.62,20.97,810.05,357.51,3.6,0.0753,0.96,0,1,0
2024-05-02,118.08000183105469,83.66999816894531,83.40640258789062,3531,31.85,24.21,21.23,800.47,351.4,7.6,0.0749,0.96,0,1,0
2024-05-03,118.02999877929688,82.95999908447266,83.40630340576172,3501,31.35,24.14,21.2,779.56,345.1,5.1,0.071,0.96,0,1,0
2024-05-04,118.02999877929688,82.95999908447266,83.40630340576172,3552,32.37,25.42,22.28,789.5,337.81,6.3,0.0716,0.96,0,1,0
2024-05-05,118.02999877929688,82.95999908447266,83.40630340576172,3519,31.39,24.05,21.55,790.93,344.7,3.0,0.0733,0.96,0,1,0
2024-05-06,119.55999755859375,83.33000183105469,83.37999725341797,3527,31.42,24.04,21.32,779.54,353.49,2.6,0.0704,0.96,0,1,0
2024-05-07,118.69000244140625,83.16000366210938,83.4728012084961,3538,32.3,23.79,21.02,784.95,358.07,2.8,0.072,0.96,0,1,0
2024-05-08,116.58999633789062,83.58000183105469,83.46990203857422,3549,32.05,23.04,19.77,790.17,365.43,3.3,0.0744,0.96,0,1,0
2024-05-09,116.95999908447266,83.87999725341797,83.46430206298828,3543,32.0,24.51,21.42,814.11,351.54,4.4,0.0735,0.96,0,1,0
2024-05-10,116.93000030517578,82.79000091552734,83.45939636230469,3528,31.98,24.26,21.71,761.88,345.52,2.7,0.0711,0.96,0,1,0
2024-05-11,116.93000030517578,82.79000091552734,83.45939636230469,3526,30.35,22.81,20.09,801.32,339.92,3.8,0.0744,0.96,0,1,0
2024-05-12,116.93000030517578,82.79000091552734,83.45939636230469,3518,32.12,24.53,21.85,775.61,359.14,3.0,0.073,0.96,0,1,0
2024-05-13,117.30999755859375,83.36000061035156,83.5248031616211,3543,32.15,24.4,22.18,774.56,369.26,3.0,0.0729,0.96,0,1,0
2024-05-14,116.6500015258789,82.37999725341797,83.50550079345703,3587,31.04,24.15,21.67,798.0,366.22,3.8,0.0713,0.96,0,1,0
2024-05-15,116.30000305175781,82.75,83.52420043945312,3572,31.57,24.04,21.19,795.34,361.0,3.3,0.0723,0.96,0,1,0
2024-05-16,116.8499984741211,83.2699966430664,83.40509796142578,3538,31.55,23.6,20.56,805.42,361.4,4.5,0.0708,0.96,0,1,0
2024-05-17,117.0199966430664,83.9800033569336,83.47010040283203,3538,31.48,24.42,20.47,805.18,373.16,2.7,0.0685,0.96,0,1,0
2024-05-18,117.0199966430664,83.9800033569336,83.47010040283203,3598,32.17,24.34,21.35,820.29,359.5,4.4,0.0718,0.96,0,1,0
2024-05-19,117.0199966430664,83.9800033569336,83.47010040283203,3574,32.9,25.27,22.11,802.28,362.64,2.6,0.0721,0.96,0,1,0
2024-05-20,117.23999786376953,83.70999908447266,83.30039978027344,3609,32.78,24.67,21.87,791.72,352.7,2.8,0.0726,0.96,0,1,0
2024-05-21,117.56999969482422,82.87999725341797,83.31500244140625,3640,30.99,23.23,20.38,791.63,341.24,3.8,0.0747,0.96,0,1,0
2024-05-22,117.63999938964844,81.9000015258789,83.31680297851562,3614,32.33,24.61,21.53,795.25,346.6,4.8,0.071,0.96,0,1,0
2024-05-23,117.52999877929688,81.36000061035156,83.26709747314453,3619,32.88,25.0,21.29,767.02,352.47,2.8,0.0715,0.96,0,1,0
2024-05-24,117.66000366210938,82.12000274658203,83.2863998413086,3662,32.38,24.85,21.49,774.12,354.38,3.0,0.0738,0.96,0,1,0
2024-05-25,117.66000366210938,82.12000274658203,83.2863998413086,3648,32.84,24.82,22.03,778.23,373.04,3.4,0.0708,0.96,0,1,0
2024-05-26,117.66000366210938,82.12000274658203,83.2863998413086,3638,33.51,24.55,22.29,756.68,354.59,2.8,0.0726,0.96,0,1,0
2024-05-27,117.66000366210938,82.12000274658203,83.05220031738281,3619,32.59,24.55,21.56,783.6,365.56,4.5,0.0714,0.96,0,1,0
2024-05-28,117.68000030517578,84.22000122070312,83.14569854736328,3605,31.95,24.68,21.85,774.7,352.59,4.3,0.0717,0.96,0,1,0
2024-05-29,117.73999786376953,83.5999984741211,83.20649719238281,3579,32.4,24.48,21.92,793.42,352.93,2.7,0.0737,0.96,0,1,0
2024-05-30,117.62000274658203,81.86000061035156,83.3656005859375,3530,31.32,23.68,20.51,790.42,340.07,3.2,0.0715,0.96,0,1,0
2024-05-31,117.5199966430664,81.62000274658203,83.3208999633789,3524,31.15,24.17,21.42,772.55,345.52,4.3,0.0738,0.96,0,1,0
2024-06-01,117.5199966430664,81.62000274658203,83.3208999633789,3500,30.7,22.98,19.93,798.4,358.21,6.5,0.0683,0.96,1,0,0
2024-06-02,117.5199966430664,81.62000274658203,83.3208999633789,3501,32.21,23.71,21.21,760.75,353.02,7.2,0.0693,0.96,1,0,0
2024-06-03,110.0999984741211,78.36000061035156,83.45079803466797,3431,29.77,22.54,19.9,768.67,353.03,6.1,0.0675,0.96,1,0,0
2024-06-04,107.69000244140625,77.5199966430664,83.09339904785156,3427,31.57,23.75,21.02,756.32,342.71,7.1,0.0698,0.96,1,0,0
2024-06-05,107.0199966430664,78.41000366210938,83.62940216064453,3450,30.88,22.99,19.92,734.15,338.3,6.2,0.0759,0.96,1,0,0
2024-06-06,108.5,79.87000274658203,83.38079833984375,3407,29.16,22.07,19.7,797.98,366.39,8.1,0.0721,0.96,1,0,0
2024-06-07,108.4800033569336,79.62000274658203,83.47309875488281,3409,30.55,23.46,21.48,762.85,343.58,6.5,0.0707,0.96,1,0,0
2024-06-08,108.4800033569336,79.62000274658203,83.47309875488281,3434,28.69,21.8,18.78,753.08,356.15,6.4,0.0737,0.96,1,0,0
2024-06-09,108.4800033569336,79.62000274658203,83.47309875488281,3399,30.66,23.46,20.51,746.73,340.51,8.2,0.074,0.96,1,0,0
2024-06-10,107.37999725341797,81.62999725341797,83.52760314941406,3451,31.21,24.63,21.77,775.71,353.97,6.1,0.0697,0.96,1,0,0
2024-06-11,106.2699966430664,81.91999816894531,83.52980041503906,3459,30.06,22.67,20.26,778.94,355.92,6.6,0.0771,0.96,1,0,0
2024-06-12,106.41999816894531,82.5999984741211,83.5968017578125,3441,30.53,23.34,20.32,786.69,349.84,6.6,0.0726,0.9393,1,0,0
2024-06-13,107.12000274658203,82.75,83.5343017578125,3435,31.95,24.03,20.01,782.98,324.85,6.4,0.0729,0.96,1,0,0
2024-06-14,107.33000183105469,82.62000274658203,83.52210235595703,3443,29.99,22.37,20.23,793.2,348.51,8.9,0.073,0.96,1,0,0
2024-06-15,107.33000183105469,82.62000274658203,83.52210235595703,3439,29.5,22.13,19.78,780.95,360.63,7.7,0.073,0.96,1,0,0
2024-06-16,107.33000183105469,82.62000274658203,83.52210235595703,3447,31.56,23.75,20.2,762.39,353.6,6.1,0.0708,0.96,1,0,0
2024-06-17,107.05000305175781,84.25,83.55180358886719,3432,31.9,24.42,21.25,795.76,355.06,7.5,0.0762,0.96,1,0,0
2024-06-18,107.11000061035156,85.33000183105469,83.51010131835938,3439,30.39,24.27,21.98,777.06,335.04,6.9,0.0714,0.9442,1,0,0
2024-06-19,107.11000061035156,85.33000183105469,83.37409973144531,3398,30.94,23.16,20.96,809.71,345.06,8.8,0.0739,0.96,1,0,0
2024-06-20,107.1500015258789,85.70999908447266,83.41950225830078,3392,31.16,23.47,21.03,796.5,356.97,6.5,0.071,0.9563,1,0,0
2024-06-21,106.95999908447266,85.23999786376953,83.60160064697266,3360,29.27,22.21,19.47,806.77,356.14,7.0,0.0707,0.96,1,0,0
2024-06-22,106.95999908447266,85.23999786376953,83.60160064697266,3336,29.32,22.48,19.82,820.58,364.18,6.8,0.0758,0.9537,1,0,0
2024-06-23,106.95999908447266,85.23999786376953,83.60160064697266,3361,30.81,23.55,20.67,793.42,350.59,6.8,0.0717,0.9528,1,0,0
2024-06-24,106.55000305175781,86.01000213623047,83.5625,3389,31.33,24.45,21.97,823.19,357.0,6.7,0.0719,0.9579,1,0,0
2024-06-25,106.45999908447266,85.01000213623047,83.46040344238281,3391,30.38,21.88,18.9,797.92,351.55,6.3,0.0725,0.96,1,0,0
2024-06-26,106.55999755859375,85.25,83.41459655761719,3359,29.03,20.87,18.04,825.92,341.94,7.7,0.0771,0.96,1,0,0
2024-06-27,106.51000213623047,86.38999938964844,83.58039855957031,3355,31.32,23.56,21.14,808.86,330.93,6.7,0.0763,0.9552,1,0,0
2024-06-28,106.51000213623047,86.41000366210938,83.45089721679688,3380,29.42,22.91,20.14,803.3,357.83,9.8,0.0745,0.96,1,0,0
2024-06-29,106.51000213623047,86.41000366210938,83.45089721679688,3377,29.54,21.67,19.62,821.63,355.26,6.4,0.0776,0.96,1,0,0
2024-06-30,106.51000213623047,86.41000366210938,83.45089721679688,3429,30.34,21.55,18.7,808.16,347.34,7.4,0.07,0.9388,1,0,0
2024-07-01,108.0,86.5999984741211,83.36750030517578,3435,31.33,24.1,21.19,804.68,338.51,9.4,0.0732,0.96,1,0,0
2024-07-02,110.31999969482422,86.23999786376953,83.44129943847656,3431,30.7,23.45,20.27,806.41,361.85,7.3,0.072,0.96,1,0,0
2024-07-03,113.05999755859375,87.33999633789062,83.4791030883789,3426,30.34,22.51,19.81,819.67,356.19,8.5,0.0683,0.96,1,0,0
2024-07-04,113.05999755859375,87.33999633789062,83.49120330810547,3424,30.34,22.57,19.27,836.31,364.41,8.1,0.0728,0.96,1,0,0
2024-07-05,111.30999755859375,86.54000091552734,83.49340057373047,3408,29.86,22.21,19.35,791.13,375.24,6.5,0.0709,0.96,1,0,0
2024-07-06,111.30999755859375,86.54000091552734,83.49340057373047,3420,30.31,23.09,19.74,814.62,335.18,7.1,0.0749,0.96,1,0,0
2024-07-07,111.30999755859375,86.54000091552734,83.49340057373047,3438,27.92,20.91,18.68,821.84,349.6,6.2,0.071,0.9351,1,0,0
2024-07-08,110.0199966430664,85.75,83.47209930419922,3406,29.47,22.64,20.21,810.87,352.54,6.9,0.0709,0.96,1,0,0
2024-07-09,110.51000213623047,84.66000366210938,83.45760345458984,3358,29.56,21.04,17.82,816.28,367.84,6.3,0.0749,0.96,1,0,0
2024-07-10,108.73999786376953,85.08000183105469,83.49299621582031,3310,28.18,20.99,19.0,802.74,336.5,7.6,0.0717,0.96,1,0,0
2024-07-11,109.58000183105469,85.4000015258789,83.49590301513672,3320,29.45,21.82,20.2,803.77,373.21,6.9,0.0741,0.96,1,0,0
2024-07-12,109.58000183105469,85.02999877929688,83.51850128173828,3283,28.73,21.71,19.12,810.38,354.65,6.6,0.0726,0.9546,1,0,0
2024-07-13,109.58000183105469,85.02999877929688,83.51850128173828,3224,29.94,22.49,19.53,804.46,352.33,6.4,0.0726,0.96,1,0,0
2024-07-14,109.58000183105469,85.02999877929688,83.51850128173828,3228,29.79,23.04,21.4,798.58,351.31,14.0,0.0713,0.96,1,0,0
2024-07-15,109.66999816894531,84.8499984741211,83.52030181884766,3283,28.44,20.68,17.67,808.14,348.71,6.1,0.0727,0.96,1,0,0
2024-07-16,109.38999938964844,83.7300033569336,83.58760070800781,3268,28.54,21.71,19.11,785.91,361.71,6.1,0.0715,0.96,1,0,0
2024-07-17,108.94000244140625,85.08000183105469,83.52960205078125,3294,28.77,22.14,19.56,796.3,342.3,6.3,0.0701,0.96,1,0,0
2024-07-18,108.7300033569336,85.11000061035156,83.57209777832031,3291,28.43,22.54,20.37,797.52,356.36,10.3,0.0715,0.96,1,0,0
2024-07-19,108.44999694824219,82.62999725341797,83.67430114746094,3263,28.67,21.55,19.11,801.91,345.17,10.6,0.0743,0.9537,1,0,0
2024-07-20,108.44999694824219,82.62999725341797,83.67430114746094,3280,27.97,21.42,18.65,747.03,341.39,7.3,0.0728,0.96,1,0,0
2024-07-21,108.44999694824219,82.62999725341797,83.67430114746094,3268,27.58,20.06,17.27,790.43,374.87,8.5,0.0732,0.96,1,0,0
2024-07-22,108.16000366210938,82.4000015258789,83.73030090332031,3267,28.95,20.81,18.18,784.4,352.69,6.3,0.0717,0.96,1,0,0
2024-07-23,107.79000091552734,81.01000213623047,83.67130279541016,3259,28.83,22.33,19.25,753.63,352.32,10.3,0.0678,0.96,1,0,0
2024-07-24,107.47000122070312,81.70999908447266,83.70680236816406,3242,27.59,20.97,18.47,782.65,358.42,6.2,0.0692,0.9429,1,0,0
2024-07-25,107.13999938964844,82.37000274658203,83.74299621582031,3267,29.09,22.7,19.75,789.48,333.63,6.1,0.0711,0.9419,1,0,0
2024-07-26,106.86000061035156,81.12999725341797,83.73760223388672,3247,27.69,20.36,17.32,781.76,363.33,6.1,0.0694,0.96,1,0,0
2024-07-27,106.86000061035156,81.12999725341797,83.73760223388672,3223,28.24,21.72,19.62,742.86,320.72,7.0,0.0706,0.96,1,0,0
2024-07-28,106.86000061035156,81.12999725341797,83.73760223388672,3231,28.71,22.75,19.82,791.08,338.12,7.8,0.0705,0.96,1,0,0
2024-07-29,106.58999633789062,79.77999877929688,83.72779846191406,3193,27.74,21.29,18.23,755.93,339.03,6.5,0.0705,0.96,1,0,0
2024-07-30,106.25,78.62999725341797,83.75050354003906,3179,27.98,21.4,18.76,764.6,347.51,10.6,0.0745,0.9451,1,0,0
2024-07-31,105.94000244140625,80.72000122070312,83.73899841308594,3190,27.33,20.78,18.31,780.57,346.83,6.7,0.0715,0.96,1,0,0
2024-08-01,102.83000183105469,79.5199966430664,83.7177963256836,3203,27.59,20.18,17.06,752.36,339.31,6.2,0.0734,0.96,1,0,0
2024-08-02,104.0,76.80999755859375,83.743896484375,3188,27.36,21.47,19.03,750.94,337.5,6.8,0.0719,0.9466,1,0,0
2024-08-03,104.0,76.80999755859375,83.743896484375,3182,26.88,20.12,17.29,738.39,327.83,7.4,0.0744,0.9381,1,0,0
2024-08-04,104.0,76.80999755859375,83.743896484375,3198,27.4,21.08,19.23,718.16,322.64,8.1,0.0736,0.96,1,0,0
2024-08-05,104.18000030517578,76.30000305175781,83.73529815673828,3224,26.4,19.28,17.18,753.29,344.22,6.7,0.0703,0.96,1,0,0
2024-08-06,102.86000061035156,76.4800033569336,84.00260162353516,3234,27.29,20.15,17.57,731.3,343.37,7.1,0.0754,0.96,1,0,0
2024-08-07,101.70999908447266,78.33000183105469,83.93489837646484,3244,27.56,21.66,18.76,743.9,354.37,6.4,0.0706,0.96,1,0,0
2024-08-08,100.75,79.16000366210938,83.94239807128906,3214,27.43,20.67,18.15,755.41,331.29,7.2,0.0719,0.96,1,0,0
2024-08-09,101.26000213623047,79.66000366210938,83.98899841308594,3186,27.29,21.47,19.14,767.17,347.17,11.1,0.0722,0.96,1,0,0
2024-08-10,101.26000213623047,79.66000366210938,83.98899841308594,3174,27.35,20.75,18.25,763.22,337.41,6.1,0.0724,0.96,1,0,0
2024-08-11,101.26000213623047,79.66000366210938,83.98899841308594,3154,27.65,20.09,17.59,770.48,352.15,8.6,0.0731,0.96,1,0,0
2024-08-12,100.66999816894531,82.30000305175781,83.94979858398438,3166,28.12,21.82,19.22,767.19,354.07,7.0,0.0699,0.96,1,0,0
2024-08-13,100.44000244140625,80.69000244140625,83.88999938964844,3151,26.73,20.02,17.38,762.55,343.41,6.3,0.0729,0.9401,1,0,0
2024-08-14,99.19999694824219,79.76000213623047,83.88200378417969,3152,26.24,20.29,17.72,763.25,335.76,9.7,0.0726,0.96,1,0,0
2024-08-15,98.55000305175781,81.04000091552734,83.97149658203125,3156,26.42,20.09,16.84,796.8,350.3,6.8,0.0714,0.9404,1,0,0
2024-08-16,97.80999755859375,79.68000030517578,83.94830322265625,3153,26.77,19.57,17.61,762.69,344.68,6.5,0.071,0.96,1,0,0
2024-08-17,97.80999755859375,79.68000030517578,83.94830322265625,3151,26.85,20.49,18.15,777.08,331.36,6.2,0.0698,0.96,1,0,0
2024-08-18,97.80999755859375,79.68000030517578,83.94830322265625,3098,26.2,21.01,18.18,764.52,324.93,6.3,0.0723,0.96,1,0,0
2024-08-19,98.0999984741211,77.66000366210938,83.88980102539062,3054,25.44,19.58,17.99,743.44,332.46,8.1,0.0701,0.96,1,0,0
2024-08-20,97.98999786376953,77.19999694824219,83.87860107421875,3043,26.02,19.75,17.41,742.92,349.75,7.1,0.0718,0.9508,1,0,0
2024-08-21,98.37999725341797,76.05000305175781,83.77940368652344,3000,26.22,20.46,17.59,735.43,344.57,8.9,0.0712,0.9535,1,0,0
2024-08-22,98.19000244140625,77.22000122070312,83.88860321044922,3020,26.7,20.4,18.29,753.27,323.62,6.3,0.0687,0.9435,1,0,0
2024-08-23,98.05000305175781,79.0199966430664,83.94059753417969,3069,26.1,19.94,17.71,775.71,325.68,6.2,0.0695,0.96,1,0,0
2024-08-24,98.05000305175781,79.0199966430664,83.94059753417969,3096,26.35,19.48,17.3,763.53,350.11,6.0,0.0721,0.96,1,0,0
2024-08-25,98.05000305175781,79.0199966430664,83.94059753417969,3087,25.87,19.78,17.24,773.46,326.0,6.9,0.0703,0.96,1,0,0
2024-08-26,98.30000305175781,81.43000030517578,83.81379699707031,3141,26.97,21.01,18.67,765.3,346.22,13.7,0.0702,0.96,1,0,0
2024-08-27,98.44999694824219,79.55000305175781,83.88369750976562,3126,26.14,19.45,17.01,758.13,332.23,7.4,0.0698,0.96,1,0,0
2024-08-28,98.51000213623047,78.6500015258789,83.92160034179688,3107,27.12,21.32,18.98,747.81,353.25,6.4,0.0698,0.96,1,0,0
2024-08-29,98.62999725341797,79.94000244140625,83.94149780273438,3099,25.23,19.13,16.07,769.73,331.38,8.5,0.0746,0.96,1,0,0
2024-08-30,98.69999694824219,78.80000305175781,83.89510345458984,3079,26.2,19.47,16.96,753.3,348.85,7.8,0.069,0.96,1,0,0
2024-08-31,98.69999694824219,78.80000305175781,83.89510345458984,3067,26.65,20.75,18.95,766.36,339.27,6.0,0.0742,0.9543,1,0,0
2024-09-01,98.69999694824219,78.80000305175781,83.89510345458984,3068,26.55,20.03,17.32,746.43,339.94,8.0,0.0706,0.96,1,0,0
2024-09-02,98.69999694824219,78.80000305175781,83.86380004882812,3069,28.55,22.08,19.19,758.12,317.72,6.4,0.0699,0.96,1,0,0
2024-09-03,100.55000305175781,73.75,83.92729949951172,3026,26.22,19.78,17.23,728.83,308.93,6.2,0.072,0.9499,1,0,0
2024-09-04,92.93000030517578,72.69999694824219,83.95030212402344,3026,25.08,19.03,16.26,688.11,322.6,6.3,0.0713,0.96,1,0,0
2024-09-05,91.30000305175781,72.69000244140625,83.98249816894531,3053,25.95,19.97,16.69,738.28,326.28,6.8,0.0708,0.96,1,0,0
2024-09-06,91.61000061035156,71.05999755859375,83.98359680175781,3062,24.58,18.83,16.48,697.47,310.3,6.7,0.0716,0.9452,1,0,0
2024-09-07,91.61000061035156,71.05999755859375,83.98359680175781,3022,25.7,18.53,16.36,676.57,310.67,6.4,0.0713,0.96,1,0,0
2024-09-08,91.61000061035156,71.05999755859375,83.98359680175781,2956,24.72,18.23,16.02,702.77,327.17,6.2,0.0707,0.9575,1,0,0
2024-09-09,91.76000213623047,71.83999633789062,83.98259735107422,2983,26.29,20.45,17.94,706.99,328.44,7.7,0.073,0.9594,1,0,0
2024-09-10,91.27999877929688,69.19000244140625,83.98090362548828,2926,24.69,18.7,16.47,686.18,317.18,11.5,0.0683,0.9432,1,0,0
2024-09-11,92.30000305175781,70.61000061035156,83.98200225830078,2930,25.1,18.81,16.96,709.47,329.1,7.8,0.0693,0.9303,1,0,0
2024-09-12,93.05999755859375,71.97000122070312,83.99259948730469,2910,24.62,18.03,15.79,716.51,312.05,6.4,0.0696,0.9457,1,0,0
2024-09-13,92.26000213623047,71.61000061035156,83.93479919433594,2860,26.22,19.39,16.83,708.48,319.21,6.3,0.069,0.9419,1,0,0
2024-09-14,92.26000213623047,71.61000061035156,83.93479919433594,2872,24.63,17.71,15.47,710.3,339.25,6.3,0.0713,0.96,1,0,0
2024-09-15,92.26000213623047,71.61000061035156,83.93479919433594,2889,26.44,20.04,17.87,703.65,323.45,6.2,0.0721,0.96,1,0,0
2024-09-16,91.94000244140625,72.75,83.88480377197266,2883,25.63,19.18,17.44,734.56,325.55,7.0,0.0672,0.96,1,0,0
2024-09-17,91.9800033569336,73.69999694824219,83.88400268554688,2824,25.07,18.57,16.09,702.47,348.8,7.1,0.0701,0.9332,1,0,0
2024-09-18,91.56999969482422,73.6500015258789,83.77059936523438,2809,24.89,18.88,16.65,721.53,311.42,7.5,0.0704,0.9368,1,0,0
2024-09-19,92.02999877929688,74.87999725341797,83.69170379638672,2827,25.05,19.22,17.05,729.65,335.5,7.4,0.0705,0.945,1,0,0
2024-09-20,91.93000030517578,74.48999786376953,83.61470031738281,2786,22.95,18.49,15.87,735.77,343.53,6.4,0.0685,0.9532,1,0,0
2024-09-21,91.93000030517578,74.48999786376953,83.61470031738281,2790,24.28,17.7,15.58,715.89,323.64,6.5,0.0704,0.948,1,0,0
2024-09-22,91.93000030517578,74.48999786376953,83.61470031738281,2788,25.17,19.71,16.76,705.09,335.49,7.4,0.0692,0.9576,1,0,0
2024-09-23,91.5999984741211,73.9000015258789,83.48709869384766,2798,24.48,19.09,16.09,723.57,315.99,6.5,0.0703,0.96,1,0,0
2024-09-24,91.87999725341797,75.16999816894531,83.55960083007812,2810,23.51,17.48,15.53,734.37,321.02,6.3,0.0676,0.9387,1,0,0
2024-09-25,92.25,73.45999908447266,83.56759643554688,2771,24.3,18.57,16.19,736.34,329.39,6.6,0.0703,0.9379,1,0,0
2024-09-26,92.54000091552734,71.5999984741211,83.62409973144531,2786,25.71,19.31,17.07,689.58,330.91,6.4,0.0695,0.9549,1,0,0
2024-09-27,92.9800033569336,71.9800033569336,83.61710357666016,2785,25.35,19.36,17.03,721.47,334.97,6.1,0.0705,0.9516,1,0,0
2024-09-28,92.9800033569336,71.9800033569336,83.61710357666016,2784,24.3,19.22,16.52,736.02,339.45,8.1,0.0716,0.96,1,0,0
2024-09-29,92.9800033569336,71.9800033569336,83.61710357666016,2760,24.98,19.29,16.96,703.08,323.08,8.3,0.0709,0.9521,1,0,0
2024-09-30,93.83000183105469,71.7699966430664,83.71640014648438,2748,23.84,18.37,15.67,690.58,335.89,6.3,0.0725,0.96,1,0,0
2024-10-01,108.73999786376953,73.55999755859375,83.82730102539062,2740,22.8,17.11,15.61,714.31,332.16,5.1,0.0702,0.9275,0,0,1
2024-10-02,109.29000091552734,73.9000015258789,83.87210083007812,2739,23.43,17.06,14.47,721.86,345.44,6.6,0.0722,0.96,0,0,1
2024-10-03,108.30999755859375,77.62000274658203,83.91960144042969,2811,25.97,19.63,17.2,755.72,343.49,5.3,0.0732,0.9567,0,0,1
2024-10-04,108.83999633789062,78.05000305175781,84.0093994140625,2781,24.35,19.11,16.4,745.01,346.84,5.6,0.0715,0.9317,0,0,1
2024-10-05,108.83999633789062,78.05000305175781,84.0093994140625,2741,24.16,17.6,15.72,770.77,346.61,5.1,0.0709,0.9203,0,0,1
2024-10-06,108.83999633789062,78.05000305175781,84.0093994140625,2778,24.32,17.96,15.67,738.73,326.33,5.3,0.0717,0.9357,0,0,1
2024-10-07,112.38999938964844,80.93000030517578,84.02780151367188,2797,26.31,20.06,17.45,752.35,337.59,6.9,0.0715,0.96,0,0,1
2024-10-08,106.30000305175781,77.18000030517578,83.96410369873047,2751,25.68,19.02,17.08,759.01,340.58,7.0,0.0729,0.96,0,0,1
2024-10-09,106.52999877929688,76.58000183105469,83.91459655761719,2773,26.26,19.56,17.22,714.04,321.92,5.3,0.0724,0.9505,0,0,1
2024-10-10,105.80999755859375,79.4000015258789,83.94219970703125,2782,24.52,18.42,16.42,759.55,350.9,5.5,0.0725,0.9473,0,0,1
2024-10-11,106.44000244140625,79.04000091552734,83.94599914550781,2825,25.11,18.4,15.8,796.78,351.14,5.2,0.0709,0.9413,0,0,1
2024-10-12,106.44000244140625,79.04000091552734,83.94599914550781,2844,23.77,17.58,14.91,759.22,345.7,5.1,0.0715,0.952,0,0,1
2024-10-13,106.44000244140625,79.04000091552734,83.94599914550781,2833,26.11,20.2,17.82,745.91,331.21,10.8,0.0715,0.9473,0,0,1
2024-10-14,107.11000061035156,77.45999908447266,84.16829681396484,2875,24.17,17.72,15.47,747.09,354.26,6.3,0.0684,0.96,0,0,1
2024-10-15,106.62999725341797,74.25,84.04850006103516,2836,24.94,18.16,16.23,723.64,355.73,5.9,0.0729,0.936,0,0,1
2024-10-16,106.19999694824219,74.22000122070312,84.05619812011719,2856,24.0,17.92,15.74,725.96,336.52,6.7,0.0674,0.96,0,0,1
2024-10-17,105.36000061035156,74.44999694824219,84.03929901123047,2867,24.49,18.98,16.78,733.67,340.0,7.2,0.0722,0.96,0,0,1
2024-10-18,105.37000274658203,73.05999755859375,84.05380249023438,2890,24.37,18.42,15.56,703.06,334.83,7.0,0.0713,0.96,0,0,1
2024-10-19,105.37000274658203,73.05999755859375,84.05380249023438,2931,24.79,18.61,17.13,735.78,338.12,5.0,0.0702,0.9408,0,0,1
2024-10-20,105.37000274658203,73.05999755859375,84.05380249023438,2934,24.86,18.92,16.58,718.47,331.62,5.2,0.0715,0.9347,0,0,1
2024-10-21,105.2300033569336,74.29000091552734,84.0687026977539,2927,24.88,18.04,16.15,733.27,334.23,6.3,0.0716,0.96,0,0,1
2024-10-22,104.94000244140625,76.04000091552734,84.07350158691406,2955,26.22,20.17,17.42,729.84,346.08,5.6,0.0681,0.96,0,0,1
2024-10-23,104.62000274658203,74.95999908447266,84.08399963378906,2932,24.5,18.81,16.68,744.89,358.67,9.9,0.0735,0.96,0,0,1
2024-10-24,104.4000015258789,74.37999725341797,84.06759643554688,2980,25.82,19.42,16.57,722.12,320.21,6.3,0.0708,0.96,0,0,1
2024-10-25,104.2300033569336,76.05000305175781,84.08180236816406,2999,26.8,20.87,18.55,740.78,335.57,8.8,0.0753,0.9527,0,0,1
2024-10-26,104.2300033569336,76.05000305175781,84.08180236816406,2993,25.39,18.73,16.34,726.25,324.81,5.3,0.0723,0.9515,0,0,1
2024-10-27,104.2300033569336,76.05000305175781,84.08180236816406,3000,25.27,19.77,17.41,725.48,352.53,7.4,0.0708,0.9404,0,0,1
2024-10-28,104.1500015258789,71.41999816894531,84.10199737548828,2932,25.11,19.16,17.14,711.77,323.74,5.5,0.0693,0.9597,0,0,1
2024-10-29,104.08999633789062,71.12000274658203,84.10279846191406,2908,26.11,19.68,16.83,695.99,314.7,10.5,0.0704,0.9359,0,0,1
2024-10-30,104.08000183105469,72.55000305175781,84.08930206298828,2953,25.64,19.48,16.87,701.55,337.65,5.2,0.0709,0.96,0,0,1
2024-10-31,104.08000183105469,73.16000366210938,84.08910369873047,2944,25.04,18.98,16.89,708.54,349.63,5.9,0.0736,0.96,0,0,1
2024-11-01,102.48999786376953,73.0999984741211,84.09149932861328,2921,25.74,20.17,18.59,724.21,337.78,6.9,0.0731,0.96,0,0,1
2024-11-02,102.48999786376953,73.0999984741211,84.09149932861328,2937,24.57,18.13,15.9,708.27,333.19,5.7,0.0715,0.9381,0,0,1
2024-11-03,102.48999786376953,73.0999984741211,84.09149932861328,2970,26.19,19.52,17.41,714.41,335.24,5.8,0.0741,0.9568,0,0,1
2024-11-04,103.91000366210938,75.08000183105469,84.13359832763672,3008,26.28,20.49,17.99,730.52,349.11,10.2,0.0666,0.9544,0,0,1
2024-11-05,105.08999633789062,75.52999877929688,84.15249633789062,3040,25.92,19.4,17.85,710.63,327.61,5.7,0.0715,0.96,0,0,1
2024-11-06,104.01000213623047,74.91999816894531,84.11630249023438,3019,25.37,19.73,16.66,711.51,333.67,6.1,0.0731,0.96,0,0,1
2024-11-07,105.22000122070312,75.62999725341797,84.2511978149414,2993,25.23,20.02,17.66,738.4,332.05,5.1,0.0716,0.9521,0,0,1
2024-11-08,103.81999969482422,73.87000274658203,84.306396484375,3020,26.46,19.91,16.87,712.62,321.42,7.2,0.0679,0.9535,0,0,1
2024-11-09,103.81999969482422,73.87000274658203,84.306396484375,3016,27.01,20.87,17.36,734.15,329.81,6.3,0.0733,0.96,0,0,1
2024-11-10,103.81999969482422,73.87000274658203,84.306396484375,3014,25.52,18.82,16.68,733.07,344.17,5.6,0.072,0.9435,0,0,1
2024-11-11,103.0999984741211,71.83000183105469,84.38289642333984,3035,26.45,20.48,18.08,715.14,335.27,5.0,0.0712,0.95,0,0,1
2024-11-12,102.95999908447266,71.88999938964844,84.39649963378906,3053,24.53,18.74,16.38,728.79,336.05,6.1,0.0707,0.96,0,0,1
2024-11-13,102.87999725341797,72.27999877929688,84.39530181884766,3072,25.87,19.9,17.47,708.82,331.61,5.0,0.0745,0.96,0,0,1
2024-11-14,102.22000122070312,72.55999755859375,84.4229965209961,3133,26.68,19.95,18.8,719.65,335.41,5.0,0.0714,0.9499,0,0,1
2024-11-15,101.62999725341797,71.04000091552734,84.47380065917969,3109,25.8,18.78,16.42,693.71,319.53,6.1,0.07,0.96,0,0,1
2024-11-16,101.62999725341797,71.04000091552734,84.47380065917969,3136,25.95,19.97,17.78,730.15,324.44,5.3,0.0688,0.9443,0,0,1
2024-11-17,101.62999725341797,71.04000091552734,84.47380065917969,3142,26.21,18.89,16.36,724.53,329.46,5.3,0.072,0.96,0,0,1
2024-11-18,101.76000213623047,73.30000305175781,84.47750091552734,3171,27.25,20.55,18.2,717.43,333.78,6.3,0.0724,0.96,0,0,1
2024-11-19,101.88999938964844,73.30999755859375,84.39849853515625,3214,27.13,21.09,18.46,722.0,334.3,5.1,0.0705,0.9457,0,0,1
2024-11-20,101.94999694824219,72.80999755859375,84.39759826660156,3228,25.56,19.52,17.01,730.01,329.0,5.5,0.0693,0.9431,0,0,1
2024-11-21,102.0199966430664,74.2300033569336,84.38310241699219,3257,25.89,20.65,18.9,722.34,328.78,5.2,0.0731,0.96,0,0,1
2024-11-22,101.94999694824219,75.16999816894531,84.48829650878906,3296,27.38,21.32,19.23,723.12,365.5,6.0,0.0686,0.96,0,0,1
2024-11-23,101.94999694824219,75.16999816894531,84.48829650878906,3292,28.23,21.13,18.65,741.48,342.99,6.3,0.0743,0.9546,0,0,1
2024-11-24,101.94999694824219,75.16999816894531,84.48829650878906,3276,25.6,19.47,16.21,731.94,338.06,6.5,0.0689,0.96,0,0,1
2024-11-25,102.01000213623047,73.01000213623047,84.43599700927734,3238,27.12,20.59,17.97,717.36,328.39,5.4,0.0678,0.95,0,0,1
2024-11-26,102.05999755859375,72.80999755859375,84.37750244140625,3192,26.85,19.61,18.34,703.69,325.94,5.1,0.0681,0.9555,0,0,1
2024-11-27,102.16999816894531,72.83000183105469,84.33910369873047,3249,28.72,21.36,18.7,693.23,329.24,5.1,0.0681,0.9592,0,0,1
2024-11-28,102.16999816894531,72.83000183105469,84.42030334472656,3226,27.2,20.39,18.38,716.68,333.48,5.7,0.0699,0.9255,0,0,1
2024-11-29,102.44000244140625,72.94000244140625,84.47160339355469,3227,27.85,20.15,18.31,725.51,312.07,8.5,0.0694,0.96,0,0,1
2024-11-30,102.44000244140625,72.94000244140625,84.47160339355469,3225,27.66,21.05,18.61,711.94,315.18,5.3,0.0724,0.9538,0,0,1
2024-12-01,102.44000244140625,72.94000244140625,84.47160339355469,3238,25.94,19.59,16.9,731.89,324.51,5.4,0.0721,0.96,0,0,1
2024-12-02,105.31999969482422,71.83000183105469,84.55699920654297,3255,28.33,20.69,17.23,698.07,333.01,5.1,0.0699,0.96,0,0,1
2024-12-03,106.08000183105469,73.62000274658203,84.73709869384766,3297,28.22,21.65,19.33,706.98,331.69,6.1,0.0765,0.96,0,0,1
2024-12-04,106.29000091552734,72.30999755859375,84.68309783935547,3277,28.31,21.87,18.92,709.23,347.02,6.4,0.0698,0.96,0,0,1
2024-12-05,106.29000091552734,72.08999633789062,84.70700073242188,3277,31.06,23.72,20.94,707.43,317.09,6.2,0.0701,0.96,0,0,1
2024-12-06,104.11000061035156,71.12000274658203,84.68379974365234,3282,26.26,19.8,16.92,710.55,321.63,7.4,0.0677,0.9589,0,0,1
2024-12-07,104.11000061035156,71.12000274658203,84.68379974365234,3281,29.33,22.59,19.77,692.01,344.35,5.8,0.0701,0.96,0,0,1
2024-12-08,104.11000061035156,71.12000274658203,84.68379974365234,3327,28.0,21.62,19.04,717.73,330.46,5.2,0.0708,0.96,0,0,1
2024-12-09,106.33999633789062,72.13999938964844,84.66600036621094,3353,28.67,21.94,19.41,732.39,340.86,5.4,0.0679,0.96,0,0,1
2024-12-10,105.62999725341797,72.19000244140625,84.84729766845703,3378,28.56,21.29,18.29,708.68,352.18,6.3,0.0692,0.96,0,0,1
2024-12-11,105.5199966430664,73.5199966430664,84.8740005493164,3411,28.52,21.81,19.67,733.9,326.65,6.1,0.0709,0.96,0,0,1
2024-12-12,105.48999786376953,73.41000366210938,84.85710144042969,3445,28.61,22.34,19.42,705.42,332.42,5.9,0.0691,0.96,0,0,1
2024-12-13,105.30999755859375,74.48999786376953,84.83920288085938,3464,29.51,22.13,18.8,738.91,332.2,6.4,0.0687,0.96,0,0,1
2024-12-14,105.30999755859375,74.48999786376953,84.83920288085938,3438,27.91,22.26,19.55,738.58,315.38,6.2,0.0717,0.96,0,0,1
2024-12-15,105.30999755859375,74.48999786376953,84.83920288085938,3454,29.84,22.42,19.74,736.37,331.82,7.6,0.0676,0.944,0,0,1
2024-12-16,105.41000366210938,73.91000366210938,84.802001953125,3439,28.82,21.92,19.35,721.57,342.92,6.1,0.068,0.96,0,0,1
2024-12-17,105.58000183105469,73.19000244140625,84.91729736328125,3426,28.17,21.07,19.09,681.03,338.54,6.8,0.0705,0.96,0,0,1
2024-12-18,104.7300033569336,73.38999938964844,84.91539764404297,3448,28.87,22.05,19.31,710.25,339.11,5.3,0.0718,0.96,0,0,1
2024-12-19,104.08000183105469,72.87999725341797,85.16549682617188,3481,30.43,22.26,19.54,706.7,328.01,6.4,0.0707,0.96,0,0,1
2024-12-20,103.83999633789062,72.94000244140625,85.27940368652344,3488,29.06,21.81,18.75,702.91,325.15,7.8,0.0697,0.943,0,0,1
2024-12-21,103.83999633789062,72.94000244140625,85.27940368652344,3502,29.88,22.16,19.83,716.12,344.41,5.6,0.0695,0.96,0,0,1
2024-12-22,103.83999633789062,72.94000244140625,85.27940368652344,3551,29.3,22.34,19.73,709.62,326.74,6.8,0.0721,0.96,0,0,1
2024-12-23,103.83999633789062,72.62999725341797,84.94499969482422,3560,30.56,23.72,20.71,702.48,334.19,6.5,0.0718,0.96,0,0,1
2024-12-24,104.08000183105469,73.58000183105469,85.0988998413086,3639,31.0,23.88,20.25,706.64,334.45,5.1,0.0702,0.96,0,0,1
2024-12-25,104.08000183105469,73.58000183105469,85.18150329589844,3659,32.07,23.19,20.98,710.76,347.44,6.0,0.0695,0.96,0,0,1
2024-12-26,104.08000183105469,73.26000213623047,85.41339874267578,3619,30.24,24.0,20.63,730.45,342.05,5.2,0.0701,0.9535,0,0,1
2024-12-27,103.9000015258789,74.16999816894531,85.26090240478516,3651,31.16,23.83,20.73,715.73,320.64,9.1,0.0686,0.96,0,0,1
2024-12-28,103.9000015258789,74.16999816894531,85.26090240478516,3667,30.81,23.03,20.41,717.49,321.72,7.0,0.0697,0.96,0,0,1
2024-12-29,103.9000015258789,74.16999816894531,85.26090240478516,3706,32.02,24.41,21.0,718.19,339.38,5.1,0.069,0.96,0,0,1
2024-12-30,103.77999877929688,74.38999938964844,85.38600158691406,3730,30.57,23.32,19.92,729.35,333.21,5.2,0.0698,0.96,0,0,1
2024-12-31,103.77999877929688,74.38999938964844,85.38600158691406,3733,31.78,23.82,20.11,730.75,329.3,6.1,0.0691,0.96,0,0,1
